id,name
DB00908,Quinidine
DB00363,Clozapine
DB00477,Chlorpromazine
DB00321,Amitriptyline
DB00458,Imipramine
DB01142,Doxepin
DB00502,Haloperidol
DB01242,Clomipramine
DB01002,Levobupivacaine
DB00296,Ropivacaine
DB00564,Carbamazepine
DB09241,Methylene blue
DB01149,Nefazodone
DB00909,Zonisamide
DB00814,Meloxicam
DB01224,Quetiapine
DB00091,Cyclosporine
DB00280,Disopyramide
DB01267,Paliperidone
DB00176,Fluvoxamine
DB00721,Procaine
DB01151,Desipramine
DB00622,Nicardipine
DB09118,Stiripentol
DB01075,Diphenhydramine
DB00468,Quinine
DB06700,Desvenlafaxine
DB04896,Milnacipran
DB00312,Pentobarbital
DB00246,Ziprasidone
DB00961,Mepivacaine
DB00540,Nortriptyline
DB00661,Verapamil
DB00555,Lamotrigine
DB00252,Phenytoin
DB00333,Methadone
DB01069,Promethazine
DB00281,Lidocaine
DB09068,Vortioxetine
DB08910,Pomalidomide
DB00907,Cocaine
DB04948,Lofexidine
DB09089,Trimebutine
DB00960,Pindolol
DB01359,Penbutolol
DB01233,Metoclopramide
DB00270,Isradipine
DB09185,Viloxazine
DB01238,Aripiprazole
DB01036,Tolterodine
DB00193,Tramadol
DB00934,Maprotiline
DB00297,Bupivacaine
DB00206,Reserpine
DB08918,Levomilnacipran
DB00813,Fentanyl
DB06770,Benzyl alcohol
DB00490,Buspirone
DB09288,Propacetamol
DB00682,Warfarin
DB00476,Duloxetine
DB01174,Phenobarbital
DB00571,Propranolol
DB01086,Benzocaine
DB00420,Promazine
DB01367,Rasagiline
DB00349,Clobazam
DB00726,Trimipramine
DB00418,Secobarbital
DB01577,Metamfetamine
DB00918,Almotriptan
DB00245,Benzatropine
DB00999,Hydrochlorothiazide
DB00285,Venlafaxine
DB01221,Ketamine
DB09167,Dosulepin
DB00794,Primidone
DB00537,Ciprofloxacin
DB00347,Trimethadione
DB00829,Diazepam
DB01320,Fosphenytoin
DB00230,Pregabalin
DB00472,Fluoxetine
DB00575,Clonidine
DB14185,Aripiprazole lauroxil
DB00669,Sumatriptan
DB04946,Iloperidone
DB01118,Amiodarone
DB09061,Cannabidiol
DB01166,Cilostazol
DB00482,Celecoxib
DB00334,Olanzapine
DB01037,Selegiline
DB00373,Timolol
DB01435,Antipyrine
DB00328,Indomethacin
DB00633,Dexmedetomidine
DB00398,Sorafenib
DB00696,Ergotamine
DB01115,Nifedipine
DB00454,Meperidine
DB01624,Zuclopenthixol
DB00342,Terfenadine
DB12278,Propiverine
DB00818,Propofol
DB09071,Tasimelteon
DB00864,Tacrolimus
DB00313,Valproic acid
DB00734,Risperidone
DB00533,Rofecoxib
DB01628,Etoricoxib
DB00656,Trazodone
DB00586,Diclofenac
DB00343,Diltiazem
DB04841,Flunarizine
DB00780,Phenelzine
DB00543,Amoxapine
DB01072,Atazanavir
DB01018,Guanfacine
DB00808,Indapamide
DB00598,Labetalol
DB00683,Midazolam
DB00951,Isoniazid
DB01424,Aminophenazone
DB01015,Sulfamethoxazole
DB00763,Methimazole
DB08996,Dimetacrine
DB01403,Methotrimeprazine
DB09244,Pirlindole
DB09245,Toloxatone
DB11642,Pitolisant
DB04871,Lorcaserin
DB09224,Melperone
DB01274,Arformoterol
DB01161,Chloroprocaine
DB04743,Nimesulide
DB06216,Asenapine
DB06702,Fesoterodine
DB12093,Tetrahydropalmatine
DB01409,Tiotropium
DB00625,Efavirenz
DB00795,Sulfasalazine
DB04953,Ezogabine
DB00788,Naproxen
DB08893,Mirabegron
DB00404,Alprazolam
DB05541,Brivaracetam
DB00588,Fluticasone propionate
DB01601,Lopinavir
DB00356,Chlorzoxazone
DB00715,Paroxetine
DB01200,Bromocriptine
DB00980,Ramelteon
DB00370,Mirtazapine
DB06712,Nilvadipine
DB00897,Triazolam
DB00402,Eszopiclone
DB00527,Cinchocaine
DB00679,Thioridazine
DB09289,Tianeptine
DB04920,Clevidipine
DB00962,Zaleplon
DB01156,Bupropion
DB00945,Acetylsalicylic acid
DB00196,Fluconazole
DB09235,Efonidipine
DB00593,Ethosuximide
DB00182,Amphetamine
DB00215,Citalopram
DB05246,Methsuximide
DB00866,Alprenolol
DB01580,Oxprenolol
DB09082,Vilanterol
DB14754,Solriamfetol
DB00612,Bisoprolol
DB04855,Dronedarone
DB00812,Phenylbutazone
DB06282,Levocetirizine
DB09009,Articaine
DB01105,Sibutramine
DB00248,Cabergoline
DB00738,Pentamidine
DB08953,Indalpine
DB01135,Doxacurium
DB00237,Butabarbital
DB13500,Otilonium
DB01050,Ibuprofen
DB04832,Zimelidine
DB01136,Carvedilol
DB01175,Escitalopram
DB01068,Clonazepam
DB00273,Topiramate
DB00390,Digoxin
DB00264,Metoprolol
DB00784,Mefenamic acid
DB08496,(R)-warfarin
DB00554,Piroxicam
DB00892,Oxybuprocaine
DB13954,Estradiol cypionate
DB00436,Bendroflumethiazide
DB00181,Baclofen
DB00327,Hydromorphone
DB00953,Rizatriptan
DB00341,Cetirizine
DB00461,Nabumetone
DB00320,Dihydroergotamine
DB00783,Estradiol
DB00608,Chloroquine
DB13956,Estradiol valerate
DB01203,Nadolol
DB00292,Etomidate
DB06292,Dapagliflozin
DB09262,Imidafenacin
DB01418,Acenocoumarol
DB01324,Polythiazide
DB00401,Nisoldipine
DB08907,Canagliflozin
DB01591,Solifenacin
DB06731,Seproxetine
DB01356,Lithium cation
DB00377,Palonosetron
DB00753,Isoflurane
DB01215,Estazolam
DB01388,Mibefradil
DB00712,Flurbiprofen
DB00936,Salicylic acid
DB00875,Flupentixol
DB00653,Magnesium sulfate
DB09085,Tetracaine
DB00750,Prilocaine
DB01100,Pimozide
DB00465,Ketorolac
DB00871,Terbutaline
DB00819,Acetazolamide
DB01587,Ketazolam
DB00880,Chlorothiazide
DB00898,Ethanol
DB00214,Torasemide
DB08899,Enzalutamide
DB01041,Thalidomide
DB05232,Tetrodotoxin
DB00645,Dyclonine
DB09345,Pramocaine
DB00802,Alfentanil
DB04842,Fluspirilene
DB00921,Buprenorphine
DB09213,Dexibuprofen
DB00805,Minaprine
DB01169,Arsenic trioxide
DB00501,Cimetidine
DB00628,Clorazepic acid
DB13532,Cyclopenthiazide
DB00774,Hydroflumethiazide
DB01021,Trichlormethiazide
DB00580,Valdecoxib
DB00749,Etodolac
DB00244,Mesalazine
DB00563,Methotrexate
DB00697,Tizanidine
DB08815,Lurasidone
DB08439,Parecoxib
DB00344,Protriptyline
DB09016,Butriptyline
DB00186,Lorazepam
DB13791,Penfluridol
DB01009,Ketoprofen
DB11901,Apalutamide
DB14055,(S)-Warfarin
DB00604,Cisapride
DB00572,Atropine
DB01171,Moclobemide
DB01181,Ifosfamide
DB00731,Nateglinide
DB09204,Arotinolol
DB14509,Lithium carbonate
DB01236,Sevoflurane
DB08897,Aclidinium
DB13950,WIN 55212-2
DB01035,Procainamide
DB00752,Tranylcypromine
DB01558,Bromazepam
DB00782,Propantheline
DB01148,Flavoxate
DB00289,Atomoxetine
DB00872,Conivaptan
DB01234,Dexamethasone
DB00804,Dicyclomine
DB00469,Tenoxicam
DB06148,Mianserin
DB01023,Felodipine
DB00946,Phenprocoumon
DB00247,Methysergide
DB00323,Tolcapone
DB09128,Brexpiprazole
DB11943,Delafloxacin
DB01222,Budesonide
DB00690,Flurazepam
DB00524,Metolazone
DB01283,Lumiracoxib
DB01173,Orphenadrine
DB12445,Nitroaspirin
DB00904,Ondansetron
DB00714,Apomorphine
DB01001,Salbutamol
DB08992,Eperisone
DB00849,Methylphenobarbital
DB09223,Blonanserin
DB06654,Safinamide
DB01227,Levacetylmethadol
DB01182,Propafenone
DB01124,Tolbutamide
DB06725,Lornoxicam
DB00243,Ranolazine
DB00834,Mifepristone
DB01028,Methoxyflurane
DB00372,Thiethylperazine
DB06737,Zaltoprofen
DB00413,Pramipexole
DB00216,Eletriptan
DB04818,Iproniazid
DB11699,Tropisetron
DB00695,Furosemide
DB13952,Estradiol acetate
DB11770,Talinolol
DB01261,Sitagliptin
DB12131,Vinpocetine
DB00831,Trifluoperazine
DB00412,Rosiglitazone
DB00503,Ritonavir
DB00532,Mephenytoin
DB12161,Deutetrabenazine
DB01067,Glipizide
DB00861,Diflunisal
DB06218,Lacosamide
DB08912,Dabrafenib
DB04884,Dapoxetine
DB05676,Apremilast
DB01104,Sertraline
DB00865,Benzphetamine
DB00657,Mecamylamine
DB01454,Midomafetamine
DB11156,Pyrantel
DB01168,Procarbazine
DB13944,Testosterone enanthate
DB11466,Tepoxalin
DB04846,Celiprolol
DB00672,Chlorpropamide
DB01026,Ketoconazole
DB01159,Halothane
DB00295,Morphine
DB08877,Ruxolitinib
DB04868,Nilotinib
DB00806,Pentoxifylline
DB00972,Azelastine
DB12545,Indobufen
DB00450,Droperidol
DB01355,Hexobarbital
DB14011,Nabiximols
DB01154,Thiamylal
DB00688,Mycophenolate mofetil
DB11823,Esketamine
DB06774,Capsaicin
DB00949,Felbamate
DB01062,Oxybutynin
DB00678,Losartan
DB01395,Drospirenone
DB00839,Tolazamide
DB00606,Cyclothiazide
DB00359,Sulfadiazine
DB09216,Tolfenamic acid
DB01014,Balsalazide
DB01250,Olsalazine
DB00915,Amantadine
DB13538,Guacetisal
DB06684,Vilazodone
DB13612,Carbaspirin calcium
DB04574,Estrone sulfate
DB09214,Dexketoprofen
DB05271,Rotigotine
DB00589,Lisuride
DB00708,Sufentanil
DB00939,Meclofenamic acid
DB00983,Formoterol
DB00842,Oxazepam
DB08960,Hexamethonium
DB00700,Eplerenone
DB01189,Desflurane
DB13955,Estradiol dienanthate
DB00603,Medroxyprogesterone acetate
DB09095,Difluocortolone
DB04908,Flibanserin
DB13025,Tiapride
DB00231,Temazepam
DB04829,Lysergic acid diethylamide
DB01240,Epoprostenol
DB13783,Acemetacin
DB04828,Zomepirac
DB01483,Barbital
DB00624,Testosterone
DB00599,Thiopental
DB00310,Chlorthalidone
DB15861,Buthiazide
DB00619,Imatinib
DB00470,Dronabinol
DB12465,Ketanserin
DB00232,Methyclothiazide
DB06203,Alogliptin
DB09194,Etoperidone
DB01397,Magnesium salicylate
DB01054,Nitrendipine
DB00706,Tamsulosin
DB09231,Benidipine
DB11785,Anisodamine
DB00316,Acetaminophen
DB06736,Aceclofenac
DB12766,Cicletanine
DB04552,Niflumic acid
DB00208,Ticlopidine
DB00514,Dextromethorphan
DB00821,Carprofen
DB00660,Metaxalone
DB06335,Saxagliptin
DB01392,Yohimbine
DB00635,Prednisone
DB01137,Levofloxacin
DB01563,Chloral hydrate
DB00675,Tamoxifen
DB01626,Pargyline
DB08984,Etofenamate
DB13139,Levosalbutamol
DB00991,Oxaprozin
DB08872,Gabapentin enacarbil
DB00565,Cisatracurium
DB00843,Donepezil
DB09239,Niguldipine
DB08883,Perampanel
DB06228,Rivaroxaban
DB01244,Bepridil
DB08808,Bupranolol
DB08952,Indenolol
DB13167,Alclofenac
DB01247,Isocarboxazid
DB00500,Tolmetin
DB09084,Benzydamine
DB01183,Naloxone
DB11455,Robenacoxib
DB00605,Sulindac
DB09217,Firocoxib
DB09295,Talniflumate
DB05095,Cimicoxib
DB09227,Barnidipine
DB00899,Remifentanil
DB00938,Salmeterol
DB09238,Manidipine
DB06446,Dotarizine
DB03585,Oxyphenbutazone
DB00188,Bortezomib
DB01016,Glyburide
DB01600,Tiaprofenic acid
DB00266,Dicoumarol
DB13136,Fluindione
DB13943,Testosterone cypionate
DB04820,Nialamide
DB09253,Safrazine
DB01401,Choline magnesium trisalicylate
DB00614,Furazolidone
DB00573,Fenoprofen
DB09215,Droxicam
DB01114,Chlorpheniramine
DB01399,Salsalate
DB01419,Antrafenine
DB00315,Zolmitriptan
DB09251,Phenoxypropazine
DB13875,Harmaline
DB09254,Caroxazone
DB09243,Hydracarbazine
DB09246,Benmoxin
DB09249,Octamoxin
DB09248,Mebanazine
DB04665,Coumarin
DB09250,Pheniprazine
DB09252,Pivhydrazine
DB08882,Linagliptin
DB00820,Tadalafil
DB06589,Pazopanib
DB00590,Doxazosin
DB04017,Clorgiline
DB06262,Droxidopa
DB07402,Azapropazone
DB00425,Zolpidem
DB08991,Epirizole
DB13657,Benorilate
DB13629,Mofebutazone
DB13722,Pirprofen
DB08955,Ibuproxam
DB13527,Proglumetacin
DB13286,Bumadizone
DB13001,Tinoridine
DB13860,Imidazole salicylate
DB04812,Benoxaprofen
DB13217,Fentiazac
DB09285,Morniflumate
DB13232,Suxibuzone
DB08942,Isoxicam
DB08951,Indoprofen
DB11518,Flunixin
DB13314,Alminoprofen
DB13371,Difenpiramide
DB13407,Nifenazone
DB13432,Lonazolac
DB13481,Tenidap
DB08976,Floctafenine
DB08981,Fenbufen
DB13649,Proquazone
DB01337,Pancuronium
DB09212,Loxoprofen
DB14059,SC-236
DB14060,NS-398
DB09218,Clonixin
DB13544,Ethenzamide
DB13524,Propyphenazone
DB08797,Salicylamide
DB00159,Icosapent
DB08940,Kebuzone
DB00195,Betaxolol
DB01442,MMDA
DB00241,Butalbital
DB00998,Frovatriptan
DB01509,Tenamfetamine
DB01484,"4-Bromo-2,5-dimethoxyamphetamine"
DB13940,"2,5-Dimethoxy-4-ethylthioamphetamine"
DB00568,Cinnarizine
DB01656,Roflumilast
DB11827,Ertugliflozin
DB00777,Propiomazine
DB09307,Oxaprotiline
DB13225,Dibenzepin
DB13246,Quinupramine
DB13114,Amitriptylinoxide
DB12930,Opipramol
DB13496,Iprindole
DB04836,Amineptine
DB13411,Lofepramine
DB13782,Imipramine oxide
DB13384,Melitracen
DB06153,Pizotifen
DB00486,Nabilone
DB04861,Nebivolol
DB00591,Fluocinolone acetonide
DB00562,Benzthiazide
DB00887,Bumetanide
DB00582,Voriconazole
DB01351,Amobarbital
DB01622,Thioproperazine
DB01229,Paclitaxel
DB00489,Sotalol
DB00187,Esmolol
DB00937,Diethylpropion
DB09080,Olodaterol
DB06678,Esmirtazapine
DB01232,Saquinavir
DB01039,Fenofibrate
DB00841,Dobutamine
DB00601,Linezolid
DB00631,Clofarabine
DB11855,Revefenacin
DB09076,Umeclidinium
DB14010,"5-methoxy-N,N-dimethyltryptamine"
DB01614,Acepromazine
DB01268,Sunitinib
DB01608,Periciazine
DB01253,Ergometrine
DB08881,Vemurafenib
DB01472,4-Methoxyamphetamine
DB00424,Hyoscyamine
DB01167,Itraconazole
DB06738,Ketobemidone
DB01032,Probenecid
DB00968,Methyldopa
DB09220,Nicorandil
DB00433,Prochlorperazine
DB06016,Cariprazine
DB00557,Hydroxyzine
DB00668,Epinephrine
DB00497,Oxycodone
DB06480,Prucalopride
DB08954,Ifenprodil
DB00515,Cisplatin
DB00988,Dopamine
DB00751,Epinastine
DB09104,Magnesium hydroxide
DB01186,Pergolide
DB00384,Triamterene
DB01254,Dasatinib
DB00863,Ranitidine
DB00742,Mannitol
DB11587,Etafedrine
DB09481,Magnesium carbonate
DB06212,Tolvaptan
DB01030,Topotecan
DB09281,Magnesium trisilicate
DB00933,Mesoridazine
DB14881,Oliceridine
DB05039,Indacaterol
DB12661,Urapidil
DB00528,Lercanidipine
DB01239,Chlorprothixene
DB12235,Estetrol
DB00391,Sulpiride
DB00835,Brompheniramine
DB00567,Cephalexin
DB00483,Gallamine triethiodide
DB00335,Atenolol
DB01338,Pipecuronium
DB00647,Dextropropoxyphene
DB09299,Tenofovir alafenamide
DB00574,Fenfluramine
DB13520,Metergoline
DB13874,Enasidenib
DB06209,Prasugrel
DB08794,Ethyl biscoumacetate
DB13347,Diphenadione
DB00728,Rocuronium
DB12092,Naftopidil
DB01275,Hydralazine
DB00202,Succinylcholine
DB00279,Liothyronine
DB01193,Acebutolol
DB00325,Nitroprusside
DB00393,Nimodipine
DB09236,Lacidipine
DB00617,Paramethadione
DB00759,Tetracycline
DB01241,Gemfibrozil
DB06695,Dabigatran etexilate
DB00434,Cyproheptadine
DB00421,Spironolactone
DB00903,Etacrynic acid
DB00374,Treprostinil
DB09273,Doxofylline
DB00492,Fosinopril
DB01198,Zopiclone
DB00199,Erythromycin
DB00530,Erlotinib
DB00722,Lisinopril
DB09477,Enalaprilat
DB12693,Ritanserin
DB06701,Dexmethylphenidate
DB00790,Perindopril
DB01623,Thiothixene
DB09001,Barbexaclone
DB08865,Crizotinib
DB04831,Tienilic acid
DB00331,Metformin
DB00330,Ethambutol
DB01297,Practolol
DB01199,Tubocurarine
DB09256,Tegafur
DB00850,Perphenazine
DB00440,Trimethoprim
DB06237,Avanafil
DB11951,Lemborexant
DB09034,Suvorexant
DB00757,Dolasetron
DB13757,Epanolol
DB00496,Darifenacin
DB00318,Codeine
DB01226,Mivacurium
DB04834,Rapacuronium
DB01336,Metocurine
DB00932,Tipranavir
DB00354,Buclizine
DB00220,Nelfinavir
DB11633,Isavuconazole
DB00366,Doxylamine
DB00642,Pemetrexed
DB14737,Cannabinol
DB01466,Ethylmorphine
DB09268,Picosulfuric acid
DB01045,Rifampicin
DB00508,Triflupromazine
DB00692,Phentolamine
DB08932,Macitentan
DB01101,Capecitabine
DB00681,Amphotericin B
DB13443,Esatenolol
DB01295,Bevantolol
DB14568,Ivosidenib
DB01544,Flunitrazepam
DB13508,Cloranolol
DB09075,Edoxaban
DB13876,Brofaromine
DB12371,Siponimod
DB13451,Tioclomarol
DB03410,4-hydroxycoumarin
DB00498,Phenindione
DB13275,Clorindione
DB00559,Bosentan
DB01087,Primaquine
DB00531,Cyclophosphamide
DB08550,"7,8-Dichloro-1,2,3,4-tetrahydroisoquinoline"
DB09237,Levamlodipine
DB14068,Dexniguldipine
DB08922,Perospirone
DB01211,Clarithromycin
DB00680,Moricizine
DB00969,Alosetron
DB00800,Fenoldopam
DB01176,Cyclizine
DB11278,DL-Methylephedrine
DB00776,Oxcarbazepine
DB00351,Megestrol acetate
DB09091,Tixocortol
DB09123,Dienogest
DB01043,Memantine
DB13598,Diethyl ether
DB00952,Naratriptan
DB00227,Lovastatin
DB12212,Landiolol
DB00191,Phentermine
DB00443,Betamethasone
DB06690,Nitrous oxide
DB13803,Xipamide
DB06287,Temsirolimus
DB11477,Xylazine
DB01576,Dextroamphetamine
DB00007,Leuprolide
DB00262,Carmustine
DB01192,Oxymorphone
DB11543,Romifidine
DB11428,Medetomidine
DB01551,Dihydrocodeine
DB11556,Detomidine
DB08810,Cinitapride
DB01621,Pipotiazine
DB01255,Lisdexamfetamine
DB00836,Loperamide
DB06152,Nylidrin
DB16165,Finerenone
DB13946,Testosterone undecanoate
DB01219,Dantrolene
DB05562,Naluzotan
DB11755,Tetrahydrocannabivarin
DB04817,Metamizole
DB12361,Piclozotan
DB13323,Trichloroethylene
DB00499,Flutamide
DB01590,Everolimus
DB00851,Dacarbazine
DB06283,Ziconotide
DB01246,Alimemazine
DB01394,Colchicine
DB11915,Valbenazine
DB01615,Aceprometazine
DB00620,Triamcinolone
DB00441,Gemcitabine
DB00967,Desloratadine
DB01170,Guanethidine
DB01029,Irbesartan
DB11732,Lasmiditan
DB00698,Nitrofurantoin
DB01431,Allylestrenol
DB09195,Lorpiprazole
DB06370,Indisulam
DB13953,Estradiol benzoate
DB06605,Apixaban
DB00203,Sildenafil
DB00035,Desmopressin
DB09205,Moxisylyte
DB00381,Amlodipine
DB00740,Riluzole
DB01074,Perhexiline
DB08901,Ponatinib
DB09063,Ceritinib
DB13584,Gallamine
DB08931,Riociguat
DB01079,Tegaserod
DB00197,Troglitazone
DB11753,Rifamycin
DB00765,Metyrosine
DB13233,Alaproclate
DB01685,Topiroxostat
DB00283,Clemastine
DB00993,Azathioprine
DB12265,Fexinidazole
DB00758,Clopidogrel
DB00474,Methohexital
DB00956,Hydrocodone
DB08909,Glycerol phenylbutyrate
DB01589,Quazepam
DB00544,Fluorouracil
DB09048,Netupitant
DB00294,Etonogestrel
DB09418,Potassium perchlorate
DB06691,Mepyramine
DB01339,Vecuronium
DB13801,Muzolimine
DB00416,Metocurine iodide
DB00732,Atracurium besylate
DB13648,Alcuronium
DB08816,Ticagrelor
DB07615,Tranilast
DB11730,Ribociclib
DB01017,Minocycline
DB00701,Amprenavir
DB00877,Sirolimus
DB00322,Floxuridine
DB00014,Goserelin
DB01024,Mycophenolic acid
DB01396,Digitoxin
DB00889,Granisetron
DB00570,Vinblastine
DB01611,Hydroxychloroquine
DB09225,Zotepine
DB00741,Hydrocortisone
DB06119,Cenobamate
DB00396,Progesterone
DB00261,Anagrelide
DB14575,Eslicarbazepine
DB00977,Ethinylestradiol
DB09119,Eslicarbazepine acetate
DB00392,Profenamine
DB08864,Rilpivirine
DB00209,Trospium
DB00810,Biperiden
DB00755,Tretinoin
DB00444,Teniposide
DB06288,Amisulpride
DB15982,Berotralstat
DB06144,Sertindole
DB00365,Grepafloxacin
DB12927,Theodrenaline
DB00737,Meclizine
DB01184,Domperidone
DB00976,Telithromycin
DB11400,Doramectin
DB00308,Ibutilide
DB05109,Trabectedin
DB12526,Batefenterol
DB00924,Cyclobenzaprine
DB06290,Simeprevir
DB02703,Fusidic acid
DB01263,Posaconazole
DB08906,Fluticasone furoate
DB14631,Prednisolone phosphate
DB00177,Valsartan
DB00185,Cevimeline
DB00277,Theophylline
DB06594,Agomelatine
DB01264,Darunavir
DB13273,Sultopride
DB14499,Potassium sulfate
DB13430,Mebutizide
DB09570,Ixazomib
DB06710,Methyltestosterone
DB00213,Pantoprazole
DB01065,Melatonin
DB01410,Ciclesonide
DB00852,Pseudoephedrine
DB06402,Telavancin
DB06603,Panobinostat
DB12163,Sarpogrelate
DB06470,Clomethiazole
DB00773,Etoposide
DB01093,Dimethyl sulfoxide
DB06403,Ambrisentan
DB11560,Lesinurad
DB00394,Beclomethasone dipropionate
DB01325,Quinethazone
DB12554,Mebeverine
DB00747,Scopolamine
DB01352,Aprobarbital
DB00940,Methantheline
DB01020,Isosorbide mononitrate
DB14507,Lithium citrate
DB13989,Epitizide
DB09488,Acrivastine
DB01384,Paramethasone
DB09286,Pipamperone
DB00787,Acyclovir
DB11757,Istradefylline
DB00224,Indinavir
DB11581,Venetoclax
DB00254,Doxycycline
DB06512,Deramciclane
DB00358,Mefloquine
DB11963,Dacomitinib
DB01380,Cortisone acetate
DB01412,Theobromine
DB12141,Gilteritinib
DB14018,Bromotheophylline
DB13919,Candesartan
DB00748,Carbinoxamine
DB06201,Rufinamide
DB12752,Bucindolol
DB00985,Dimenhydrinate
DB00427,Triprolidine
DB09383,Meprednisone
DB00405,Dexbrompheniramine
DB00569,Fondaparinux
DB00691,Moexipril
DB01116,Trimethaphan
DB00268,Ropinirole
DB11362,Selexipag
DB00541,Vincristine
DB06458,Remacemide
DB13775,Tertatolol
DB01235,Levodopa
DB00594,Amiloride
DB01420,Testosterone propionate
DB01059,Norfloxacin
DB13208,Prednylidene
DB11273,Dihydroergocornine
DB12245,Triclabendazole
DB01365,Mephentermine
DB01090,Pentolinium
DB12080,Ritobegron
DB00705,Delavirdine
DB00743,Gadobenic acid
DB13624,Methoxyphenamine
DB09480,Iofetamine I-123
DB13867,Fluticasone
DB13703,Gepefrine
DB01467,"2,5-Dimethoxy-4-ethylamphetamine"
DB13108,Mephedrone
DB00080,Daptomycin
DB01556,Chlorphentermine
DB01120,Gliclazide
DB00222,Glimepiride
DB00388,Phenylephrine
DB00997,Doxorubicin
DB00665,Nilutamide
DB09198,Lobeglitazone
DB00796,Candesartan cilexetil
DB00779,Nalidixic acid
DB00368,Norepinephrine
DB14649,Dexamethasone acetate
DB06813,Pralatrexate
DB06077,Lumateperone
DB00463,Metharbital
DB01110,Miconazole
DB14512,Mometasone furoate
DB00623,Fluphenazine
DB01333,Cefradine
DB13345,Dihydroergocristine
DB00637,Astemizole
DB11672,Curcumin
DB00862,Vardenafil
DB00432,Trifluridine
DB01638,Sorbitol
DB11817,Baricitinib
DB09472,Sodium sulfate
DB00408,Loxapine
DB14094,Tocopherylquinone
DB07767,Ferulic acid
DB01197,Captopril
DB00495,Zidovudine
DB00906,Tiagabine
DB00437,Allopurinol
DB14540,Hydrocortisone butyrate
DB09219,Bisoxatin
DB01046,Lubiprostone
DB08838,Agmatine
DB00584,Enalapril
DB01098,Rosuvastatin
DB00480,Lenalidomide
DB13691,Acetyldigoxin
DB00975,Dipyridamole
DB11652,Tucatinib
DB01288,Fenoterol
DB06268,Sitaxentan
DB01129,Rabeprazole
DB09292,Sacubitril
DB00529,Foscarnet
DB09065,Cobicistat
DB06726,Bufuralol
DB08807,Bopindolol
DB09351,Levobetaxolol
DB13530,Mepindolol
DB00409,Remoxipride
DB09030,Vorapaxar
DB00263,Sulfisoxazole
DB00966,Telmisartan
DB13843,Cloprednol
DB13003,Cortivazol
DB00941,Hexafluronium
DB01595,Nitrazepam
DB01158,Bretylium
DB00552,Pentostatin
DB09023,Benactyzine
DB03322,Dexpropranolol
DB14006,Choline salicylate
DB01245,Decamethonium
DB11487,Dexamethasone isonicotinate
DB11586,Asunaprevir
DB00958,Carboplatin
DB01013,Clobetasol propionate
DB00300,Tenofovir disoproxil
DB09027,Ledipasvir
DB09166,Etizolam
DB08905,Formestane
DB00641,Simvastatin
DB06772,Cabazitaxel
DB01047,Fluocinonide
DB13014,Hypericin
DB13675,Metahexamide
DB00414,Acetohexamide
DB08962,Glibornuride
DB13406,Carbutamide
DB01289,Glisoxepide
DB06448,Lonafarnib
DB00361,Vinorelbine
DB01251,Gliquidone
DB00234,Reboxetine
DB13505,Emepronium
DB01010,Edrophonium
DB06694,Xylometazoline
DB00928,Azacitidine
DB00853,Temozolomide
DB00629,Guanabenz
DB08801,Dimetindene
DB00860,Prednisolone
DB09007,Chlorphenoxamine
DB00771,Clidinium
DB00767,Benzquinamide
DB11235,Thonzylamine
DB00959,Methylprednisolone
DB14921,Mavacamten
DB14539,Hydrocortisone acetate
DB08970,Fluprednidene
DB08971,Fluocortolone
DB00986,Glycopyrronium
DB00435,Nitric Oxide
DB00703,Methazolamide
DB00754,Ethotoin
DB13413,Phenglutarimide
DB08997,Dexetimide
DB00340,Metixene
DB13636,Etanautine
DB00387,Procyclidine
DB13619,Bornaprine
DB13468,Etybenzatropine
DB00376,Trihexyphenidyl
DB13252,Tropatepine
DB13448,Mazaticol
DB00462,Methscopolamine bromide
DB13720,Diphemanil
DB13738,Camylofin
DB13351,Piperidolate
DB13844,Pipenzolate
DB13380,Difemerine
DB13369,Benzilone
DB04843,Mepenzolate
DB00942,Cycrimine
DB00383,Oxyphencyclimine
DB00670,Pirenzepine
DB00505,Tridihexethyl
DB11315,Methscopolamine
DB13254,Prifinium
DB13769,Emetonium iodide
DB13678,Dihexyverine
DB06787,Hexocyclium
DB01231,Diphenidol
DB13695,Penthienate
DB13507,Poldine
DB13759,Fenpiverinium
DB13666,Tiemonium iodide
DB00219,Oxyphenonium
DB13542,Bevonium
DB13581,Rociverine
DB13850,Timepidium
DB12086,Oxitropium
DB00517,Anisotropine methylbromide
DB09300,Butylscopolamine
DB00651,Dyphylline
DB01364,Ephedrine
DB00725,Homatropine methylbromide
DB01625,Isopropamide
DB00439,Cerivastatin
DB01218,Halofantrine
DB08059,Wortmannin
DB00762,Irinotecan
DB09290,Ramosetron
DB00332,Ipratropium
DB01004,Ganciclovir
DB01165,Ofloxacin
DB00916,Metronidazole
DB14126,Tenofovir
DB05667,Levoketoconazole
DB00764,Mometasone
DB12532,Oxetacaine
DB01405,Temafloxacin
DB00978,Lomefloxacin
DB01099,Flucytosine
DB00957,Norgestimate
DB01345,Potassium cation
DB15685,Selpercatinib
DB13595,Almasilate
DB06595,Midostaurin
DB06204,Tapentadol
DB08934,Sofosbuvir
DB14066,Tetrandrine
DB06176,Romidepsin
DB13967,Patent Blue
DB00709,Lamivudine
DB01144,Diclofenamide
DB00900,Didanosine
DB00338,Omeprazole
DB01559,Clotiazepam
DB00380,Dexrazoxane
DB13396,Neocitrullamon
DB06711,Naphazoline
DB00319,Piperacillin
DB00827,Cinoxacin
DB01011,Metyrapone
DB09280,Lumacaftor
DB00761,Potassium chloride
DB11921,Deflazacort
DB11148,Butamben
DB12332,Rucaparib
DB06155,Rimonabant
DB05521,Telaprevir
DB00807,Proparacaine
DB13259,Ethyl chloride
DB00833,Cefaclor
DB13725,Terodiline
DB11689,Selumetinib
DB09090,Pinaverium
DB04825,Prenylamine
DB06616,Bosutinib
DB13488,Bencyclane
DB09229,Aranidipine
DB08980,Fendiline
DB12923,Gallopamil
DB13766,Lidoflazine
DB14063,Dexverapamil
DB00290,Bleomycin
DB00775,Tirofiban
DB00190,Carbidopa
DB08961,Azosemide
DB02925,Piretanide
DB15569,Sotorasib
DB04725,Licofelone
DB01044,Gatifloxacin
DB01259,Lapatinib
DB00730,Thiabendazole
DB13328,Butanilicaine
DB13578,Metabutethamine
DB08987,Etidocaine
DB11502,Butacaine
DB01452,Diamorphine
DB13605,Phenoperidine
DB13683,Quinisocaine
DB09342,Propoxycaine
DB03255,Phenol
DB00652,Pentazocine
DB04572,Thiotepa
DB01081,Diphenoxylate
DB01201,Rifapentine
DB00255,Diethylstilbestrol
DB01535,Carfentanil
DB00844,Nalbuphine
DB01555,Alphacetylmethadol
DB08861,DPDPE
DB12492,Piritramide
DB00854,Levorphanol
DB13478,Meptazinol
DB01565,Dihydromorphine
DB01450,Dihydroetorphine
DB01497,Etorphine
DB13454,Nicomorphine
DB00611,Butorphanol
DB13160,Alphaprodine
DB01433,Methadyl acetate
DB13606,Phenazocine
DB01529,Dextromoramide
DB01209,Dezocine
DB09174,Lofentanil
DB11609,Normethadone
DB13787,Tilidine
DB14651,Perphenazine enanthate
DB00911,Tinidazole
DB00857,Terbinafine
DB08896,Regorafenib
DB06626,Axitinib
DB15360,"Carfentanil, C-11"
DB01531,Desomorphine
DB01579,Phendimetrazine
DB00996,Gabapentin
DB09053,Ibrutinib
DB00494,Entacapone
DB00837,Progabide
DB01195,Flecainide
DB00467,Enoxacin
DB13420,Thiazinam
DB08972,Flumequine
DB11774,Pazufloxacin
DB13261,Sitafloxacin
DB13437,Medazepam
DB06160,Garenoxacin
DB00487,Pefloxacin
DB00817,Rosoxacin
DB00685,Trovafloxacin
DB11491,Sarafloxacin
DB11511,Difloxacin
DB01155,Gemifloxacin
DB13823,Pipemidic acid
DB11443,Orbifloxacin
DB06600,Nemonoxacin
DB01063,Acetophenazine
DB00397,Phenylpropanolamine
DB12710,Perazine
DB01511,Delorazepam
DB09000,Cyamemazine
DB00699,Nicergoline
DB09073,Palbociclib
DB00881,Quinapril
DB09117,Paraldehyde
DB04951,Pirfenidone
DB12989,Neosaxitoxin
DB01415,Ceftibuten
DB11540,Propiopromazine
DB01095,Fluvastatin
DB01408,Bambuterol
DB00546,Adinazolam
DB13382,Chlorproethazine
DB13784,Dixyrazine
DB00218,Moxifloxacin
DB13213,Butaperazine
DB11549,Tiletamine
DB13455,Phenibut
DB00982,Isotretinoin
DB02207,7-Nitroindazole
DB09407,Magnesium chloride
DB01080,Vigabatrin
DB06697,Artemether
DB01202,Levetiracetam
DB09011,Beclamide
DB11859,Brexanolone
DB15203,JNJ-26489112
DB12338,Carisbamate
DB04165,Valpromide
DB06554,Gaboxadol
DB13362,Pheneturide
DB01121,Phenacemide
DB08329,Sulthiame
DB14050,Cannabidivarin
DB06527,Tramiprosate
DB13799,Ethadione
DB00832,Phensuximide
DB11868,Etiracetam
DB01082,Streptomycin
DB00535,Cefdinir
DB14513,Magnesium
DB12615,Plazomicin
DB00798,Gentamicin
DB00684,Tobramycin
DB00314,Capreomycin
DB01064,Isoprenaline
DB09017,Brotizolam
DB06767,Ammonium chloride
DB01248,Docetaxel
DB01588,Prazepam
DB00912,Repaglinide
DB00180,Flunisolide
DB12825,Lefamulin
DB12537,"1,2-Benzodiazepine"
DB13179,Troleandomycin
DB06636,Isavuconazonium
DB05294,Vandetanib
DB11932,Abametapir
DB00395,Carisoprodol
DB08836,Temocapril
DB01353,Butobarbital
DB01354,Heptabarbital
DB00306,Talbutal
DB00457,Prazosin
DB01060,Amoxicillin
DB05710,Gantacurium
DB00674,Galantamine
DB00346,Alfuzosin
DB14545,Hydrocortisone succinate
DB00553,Methoxsalen
DB12610,Ebselen
DB02224,Taxifolin
DB04905,Tesmilifene
DB09232,Cilnidipine
DB01406,Danazol
DB08911,Trametinib
DB09125,Potassium citrate
DB00822,Disulfiram
DB09015,Canrenoic acid
DB15959,Tripamide
DB12221,Canrenone
DB06707,Levonordefrin
DB11098,Potassium bicarbonate
DB00493,Cefotaxime
DB00415,Ampicillin
DB04840,Debrisoquine
DB00456,Cefalotin
DB09320,Procaine benzylpenicillin
DB00713,Oxacillin
DB14498,Potassium acetate
DB00228,Enflurane
DB14681,Cortisone
DB15031,Daridorexant
DB11090,Potassium nitrate
DB13070,Surinabant
DB12193,Lenabasum
DB12649,Ibipinabant
DB11903,GW842166
DB14043,Palmidrol
DB12945,Dihydralazine
DB01223,Aminophylline
DB15822,Pralsetinib
DB06637,Dalfampridine
DB01212,Ceftriaxone
DB00282,Pamidronic acid
DB00914,Phenformin
DB01273,Varenicline
DB00364,Sucralfate
DB04630,Aldosterone
DB00876,Eprosartan
DB09378,Fluprednisolone
DB00687,Fludrocortisone
DB11529,Melengestrol
DB01172,Kanamycin
DB00484,Brimonidine
DB00307,Bexarotene
DB04833,Methaqualone
DB01140,Cefadroxil
DB13909,Bismuth subgallate
DB01108,Trilostane
DB00238,Nevirapine
DB00583,Levocarnitine
DB00229,Cefotiam
DB01327,Cefazolin
DB04729,Gentamicin C1a
DB03615,Ribostamycin
DB12604,Sisomicin
DB11512,Dihydrostreptomycin
DB00803,Colistin
DB04808,Neamine
DB04626,Apramycin
DB11520,Hygromycin B
DB01414,Cefacetrile
DB04263,Geneticin
DB01421,Paromomycin
DB06696,Arbekacin
DB13540,Isepamicin
DB01332,Ceftizoxime
DB08437,Puromycin
DB00955,Netilmicin
DB00448,Lansoprazole
DB09008,Cefaloridine
DB00542,Benazepril
DB13400,Linsidomine
DB01618,Molindone
DB14669,Betamethasone phosphate
DB11986,Entrectinib
DB11614,Rupatadine
DB09039,Eliglustat
DB12016,Ponesimod
DB00512,Vancomycin
DB01177,Idarubicin
DB00648,Mitotane
DB00158,Folic acid
DB00353,Methylergometrine
DB09357,Dexpanthenol
DB09226,Brilaroxazine
DB13873,Fenofibric acid
DB00207,Azithromycin
DB09272,Eluxadoline
DB00452,Framycetin
DB09137,Technetium Tc-99m mebrofenin
DB09101,Elvitegravir
DB08873,Boceprevir
DB04845,Ixabepilone
DB00816,Orciprenaline
DB09026,Aliskiren
DB00211,Midodrine
DB14207,Fosinoprilat
DB11376,Azaperone
DB01407,Clenbuterol
DB12070,Letermovir
DB00867,Ritodrine
DB01366,Procaterol
DB00579,Mazindol
DB09338,Mersalyl
DB13772,Rufloxacin
DB08927,Amperozide
DB08941,Isoxsuprine
DB01208,Sparfloxacin
DB11892,Prulifloxacin
DB11978,Glasdegib
DB00673,Aprepitant
DB00717,Norethisterone
DB11697,Pacritinib
DB04839,Cyproterone acetate
DB01357,Mestranol
DB13627,Oxolinic acid
DB04888,Bifeprunox
DB14646,Prednisone acetate
DB04576,Fleroxacin
DB01133,Tiludronic acid
DB00275,Olmesartan
DB01216,Finasteride
DB12015,Alpelisib
DB06211,Doripenem
DB13841,Clopenthixol
DB14500,Potassium
DB13552,Trifluperidol
DB12273,Ecopipam
DB12518,Raclopride
DB00204,Dofetilide
DB12867,Benperidol
DB12404,Remimazolam
DB01594,Cinolazepam
DB13643,Loprazolam
DB13872,Lormetazepam
DB14719,Bentazepam
DB13837,Doxefazepam
DB00475,Chlordiazepoxide
DB11367,Cefroxadine
DB01330,Cefotetan
DB00438,Ceftazidime
DB01553,Cloxazolam
DB01489,Camazepam
DB13335,Pinazepam
DB00801,Halazepam
DB13665,Fluanisone
DB09139,Technetium Tc-99m oxidronate
DB01567,Fludiazepam
DB14028,Nordazepam
DB01545,Ethyl loflazepate
DB12958,Prothipendyl
DB13554,Moperone
DB13403,Oxypertine
DB13676,Mosapramine
DB13256,Clothiapine
DB14715,Cinazepam
DB13557,Thiopropazate
DB13523,Veralipride
DB12401,Bromperidol
DB04872,Osanetant
DB14672,Oxazepam acetate
DB09054,Idelalisib
DB09074,Olaparib
DB09276,Sodium aurothiomalate
DB12147,Erdafitinib
DB01610,Valganciclovir
DB00526,Oxaliplatin
DB01291,Pirbuterol
DB06154,Pentaerythritol tetranitrate
DB00221,Isoetharine
DB12095,Telotristat ethyl
DB12100,Abediterol
DB11871,PF-00610355
DB01071,Mequitazine
DB00901,Bitolterol
DB01102,Arbutamine
DB08957,Hexoprenaline
DB01033,Mercaptopurine
DB12184,Gepirone
DB09050,Ceftolozane
DB12833,Tandospirone
DB13948,"N-(2-hydroxybenzyl)-2,5-dimethoxy-4-cyanophenylethylamine"
DB12071,Vabicaserin
DB12883,Eltoprazine
DB08839,Serotonin
DB12111,MK-212
DB12725,Felcisetrag
DB12110,m-Chlorophenylpiperazine
DB01488,Dimethyltryptamine
DB11675,Mosapride
DB06624,Taranabant
DB13550,Bifemelane
DB00422,Methylphenidate
DB06824,Triethylenetetramine
DB08826,Deferiprone
DB00150,Tryptophan
DB03575,Phencyclidine
DB14541,Hydrocortisone cypionate
DB01609,Deferasirox
DB11783,Imidapril
DB00479,Amikacin
DB08811,Tofisopam
DB00519,Trandolapril
DB01340,Cilazapril
DB00935,Oxymetazoline
DB09330,Osimertinib
DB01326,Cefamandole
DB01329,Cefoperazone
DB04819,Methapyrilene
DB00178,Ramipril
DB01066,Cefditoren
DB00369,Cidofovir
DB01112,Cefuroxime
DB12781,Balaglitazone
DB09201,Ciglitazone
DB09199,Netoglitazone
DB09200,Rivoglitazone
DB01132,Pioglitazone
DB14659,Melengestrol acetate
DB14652,Clocortolone acetate
DB02520,Ditiocarb
DB16021,Levosulpiride
DB09078,Lenvatinib
DB06800,Methylnaltrexone
DB06230,Nalmefene
DB09242,Moxonidine
DB01180,Rescinnamine
DB00886,Omapatrilat
DB00577,Valaciclovir
DB01416,Cefpodoxime
DB01138,Sulfinpyrazone
DB14213,Perindoprilat
DB14208,Ramiprilat
DB01348,Spirapril
DB14217,Quinaprilat
DB13510,Buflomedil
DB14125,Benazeprilat
DB11691,Naldemedine
DB13166,Zofenopril
DB14019,Fosnetupitant
DB13588,Naftidrofuryl
DB13312,Delapril
DB09038,Empagliflozin
DB01437,Glutethimide
DB04827,Urethane
DB09014,Captodiame
DB09190,Talopram
DB09187,Lortalamine
DB09184,Edivoxetine
DB04885,Cilansetron
DB11686,Iferanserin
DB12395,Esreboxetine
DB13541,Iprazochrome
DB01126,Dutasteride
DB01616,Alverine
DB05607,PRX-08066
DB05542,Naronapride
DB01954,Rolipram
DB12177,Eplivanserin
DB04917,Renzapride
DB09186,Nisoxetine
DB11957,Idalopirdine
DB12229,Cerlapirdine
DB12951,Pivagabine
DB06660,Saredutant
DB09247,Iproclozide
DB13352,Deanol
DB04599,Aniracetam
DB13457,Oxaflozane
DB11889,Lanicemine
DB04821,Nomifensine
DB13219,Medifoxamine
DB01213,Fomepizole
DB12427,Orvepitant
DB06582,Dextofisopam
DB04844,Tetrabenazine
DB01583,Liotrix
DB08822,Azilsartan medoxomil
DB02959,Oxitriptan
DB01097,Leflunomide
DB00198,Oseltamivir
DB00303,Ertapenem
DB00828,Fosfomycin
DB00339,Pyrazinamide
DB06196,Icatibant
DB06716,Fospropofol
DB00355,Aztreonam
DB09449,"Sodium phosphate, monobasic"
DB00760,Meropenem
DB09555,Dexchlorpheniramine maleate
DB00115,Cyanocobalamin
DB02234,S-Ethylisothiourea
DB11738,Rilmenidine
DB00217,Bethanidine
DB03783,Phenacetin
DB04898,Ximelagatran
DB01445,Bufotenine
DB13401,Metildigoxin
DB00662,Trimethobenzamide
DB08824,Ioflupane I-123
DB12713,Sotagliflozin
DB00371,Meprobamate
DB13754,Mephenoxalone
DB12783,Benserazide
DB14633,Prednisolone hemisuccinate
DB01178,Chlormezanone
DB00423,Methocarbamol
DB08892,Arbaclofen Placarbil
DB13642,Pridinol
DB13303,Febarbamate
DB13745,Fazadinium bromide
DB06264,Tolperisone
DB13354,Phenprobamate
DB13414,Fenyramidol
DB01534,Chlorhexadol
DB11779,Danoprevir
DB13324,Tetrazepam
DB13357,Styramate
DB13690,Vinyl ether
DB04903,Pagoclone
DB11371,Alfaxalone
DB11582,Thiocolchicoside
DB06529,Ocinaplon
DB11742,Ebastine
DB13234,Propanidid
DB13534,Gedocarnil
DB12590,Indiplon
DB13733,Methylpentynol
DB13662,Hexapropymate
DB06753,Triclofos
DB13687,Niaprazine
DB14718,Pyrazolam
DB13577,Allobarbital
DB01495,Dichloralphenazone
DB13221,Apronalide
DB13402,Acetylglycinamide chloral hydrate
DB13737,Cyclobarbital
DB13253,Proxibarbal
DB09072,Sodium oxybate
DB01107,Methyprylon
DB05018,Migalastat
DB13805,Reposal
DB13817,Carbromal
DB13331,Pyrithyldione
DB13099,Valnoctamide
DB12576,AZD-3043
DB13370,Bromisoval
DB13770,Vinylbital
DB00189,Ethchlorvynol
DB13377,Vinbarbital
DB01440,gamma-Hydroxybutyric acid
DB01157,Trimetrexate
DB01048,Abacavir
DB06797,Mebutamate
DB06579,Adipiplon
DB08986,Etifoxine
DB09021,Benzoctamine
DB13572,Emylcamate
DB12105,Imagabalin
DB13623,Fabomotizole
DB01547,Drotebanol
DB13522,Mebicar
DB13993,MRK-409
DB01413,Cefepime
DB11555,Zolazepam
DB13601,Oxiracetam
DB11664,Psilocybin
DB12327,Salvinorin A
DB01347,Saprisartan
DB12308,Eltanolone
DB13082,Nefiracetam
DB01463,Fencamfamin
DB02852,Domoic Acid
DB04325,Phenethylamine
DB13145,Nedaplatin
DB01560,Cathinone
DB13984,Cyclopropane
DB11552,Tricaine
DB01501,Difenoxin
DB00710,Ibandronate
DB01438,Phenazopyridine
DB13504,Cefetamet
DB13778,Cefazedone
DB04918,Ceftobiprole
DB13266,Cefatrizine
DB13682,Cefpirome
DB00447,Loracarbef
DB00267,Cefmenoxime
DB00923,Ceforanide
DB13638,Cefbuperazone
DB04570,Latamoxef
DB01139,Cefapirin
DB09062,Cefminox
DB13667,Cefozopran
DB13461,Cefcapene
DB01150,Cefprozil
DB08840,N-methylnicotinamide
DB00430,Cefpiramide
DB00894,Testolactone
DB13499,Cefsulodin
DB11935,Flomoxef
DB00689,Cephaloglycin
DB01331,Cefoxitin
DB13821,Ceftezole
DB06590,Ceftaroline fosamil
DB00274,Cefmetazole
DB01328,Cefonicid
DB13470,Cefodizime
DB02546,Vorinostat
DB00304,Desogestrel
DB00610,Metaraminol
DB00723,Methoxamine
DB06764,Tetryzoline
DB04890,Bepotastine
DB00925,Phenoxybenzamine
DB09209,Pholcodine
DB00613,Amodiaquine
DB06782,Dimercaprol
DB11960,Carboxyamidotriazole
DB00704,Naltrexone
DB09183,Dasabuvir
DB00317,Gefitinib
DB08985,Etilefrine
DB09203,Synephrine
DB00845,Clofazimine
DB00451,Levothyroxine
DB13777,Prenalterol
DB00311,Ethoxzolamide
DB00927,Famotidine
DB13692,Tretoquinol
DB12313,Dopexamine
DB11085,Resorcinol
DB06815,Pyrithione
DB12364,Betrixaban
DB01190,Clindamycin
DB09277,Choline C 11
DB00718,Adefovir dipivoxil
DB15566,Prednisolone acetate
DB01205,Flumazenil
DB00379,Mexiletine
DB12704,Spiradoline
DB01119,Diazoxide
DB01022,Phylloquinone
DB01645,Genistein
DB06769,Bendamustine
DB01377,Magnesium oxide
DB00811,Ribavirin
DB01111,Colistimethate
DB09210,Piracetam
DB00235,Milrinone
DB01427,Amrinone
DB00830,Phenmetrazine
DB08841,Tyramine
DB13852,Mefenorex
DB01076,Atorvastatin
DB09257,Gimeracil
DB13064,Tramazoline
DB13341,Fenozolone
DB09134,Ioversol
DB06762,Pinacidil
DB00716,Nedocromil
DB01428,Oxybenzone
DB13987,Strontium chloride
DB11364,Pidotimod
DB00733,Pralidoxime
DB14526,Chromic citrate
DB11328,Tetradecyl hydrogen sulfate (ester)
DB01249,Iodixanol
DB09121,Aurothioglucose
DB14007,Pentetic acid
DB00789,Gadopentetic acid
DB11164,Bicisate
DB06623,Flupirtine
DB00995,Auranofin
DB00597,Gadoteridol
DB06705,Gadofosveset trisodium
DB06796,Mangafodipir
DB11145,Oxyquinoline
DB00558,Zanamivir
DB06809,Plerixafor
DB09165,Technetium Tc-99m pyrophosphate
DB09132,Gadoteric acid
DB06823,Tiopronin
DB09135,Ioxilan
DB09136,Isosulfan blue
DB09546,Iobenguane sulfate I-123
DB09502,Fludeoxyglucose (18F)
DB13191,Phosphocreatine
DB13185,Oxabolone cipionate
DB14527,Chromic nitrate
DB00271,Diatrizoate
DB09148,Florbetaben F-18
DB09149,Florbetapir (18F)
DB00225,Gadodiamide
DB04930,Permethrin
DB09156,Iopromide
DB12007,Isoflavone
DB11989,Benznidazole
DB11577,Indigotindisulfonic acid
DB13156,Inosine pranobex
DB14530,Chromous sulfate
DB14528,Chromium gluconate
DB09133,Iothalamic acid
DB01550,Fenproporex
DB11121,Chloroxylenol
DB00200,Hydroxocobalamin
DB09496,Octinoxate
DB12107,Vaborbactam
DB09081,Idebenone
DB13269,Dichlorobenzyl alcohol
DB00548,Azelaic acid
DB00626,Bacitracin
DB14529,Chromium nicotinate
DB00727,Nitroglycerin
DB05229,Beraprost
DB09394,Phosphoric acid
DB11102,N-acetyltyrosine
DB09324,Sulbactam
DB06706,Isometheptene
DB12500,Fedratinib
DB12026,Voxilaprevir
DB11837,Osilodrostat
DB09395,Sodium acetate
DB09154,Sodium citrate
DB05885,Seletracetam
DB13835,Caroverine
DB04838,Cyclandelate
DB09230,Azelnidipine
DB09240,Niludipine
DB09234,Darodipine
DB14065,Lomerizine
DB14064,Emopamil
DB11127,Selenious acid
DB09325,Sodium fluoride
DB11853,Relugolix
DB00797,Tolazoline
DB08950,Indoramin
DB09129,Chromic chloride
DB11135,Selenium
DB01162,Terazosin
DB11136,Chromium
DB00694,Daunorubicin
DB13178,Inositol
DB00165,Pyridoxine
DB00825,Levomenthol
DB00184,Nicotine
DB13374,Vincamine
DB13486,Magnesium peroxide
DB12474,Lynestrenol
DB12483,Copanlisib
DB06210,Eltrombopag
DB01088,Iloprost
DB13223,Fluocortin
DB13856,Fluclorolone
DB13491,Fluperolone
DB00547,Desoximetasone
DB00446,Chloramphenicol
DB00250,Dapsone
DB09279,Fimasartan
DB11979,Elagolix
DB09206,Trimazosin
DB13399,Terguride
DB00350,Minoxidil
DB13679,Dexchlorpheniramine
DB09202,Cirazoline
DB00309,Vindesine
DB13251,Octopamine
DB00640,Adenosine
DB05015,Belinostat
DB13917,Deoxyepinephrine
DB01008,Busulfan
DB16390,Mobocertinib
DB12267,Brigatinib
DB11796,Fostemsavir
DB00581,Lactulose
DB12010,Fostamatinib
DB13398,Oxyfedrine
DB12846,Reproterol
DB13559,Rimiterol
DB12248,Tulobuterol
DB11373,Amitraz
DB06190,Solabegron
DB05395,Amibegron
DB00518,Albendazole
DB11541,Ractopamine
DB13781,Xamoterol
DB00778,Roxithromycin
DB08925,Adrafinil
DB13378,Norfenefrine
DB12779,Higenamine
DB09401,Isosorbide
DB06739,Seratrodast
DB08871,Eribulin
DB00539,Toremifene
DB01278,Pramlintide
DB03450,Cephalothin Group
DB02247,Hydrolyzed Cephalothin
DB13868,Adefovir
DB09079,Nintedanib
DB01191,Dexfenfluramine
DB06789,Hydroxyprogesterone caproate
DB00922,Levosimendan
DB13074,Macimorelin
DB06413,Armodafinil
DB13708,Fenquizone
DB13405,Mefruside
DB13663,Clofenamide
DB13284,Meticrane
DB13617,Clorexolone
DB06763,Saralasin
DB13792,Clopamide
DB11718,Encorafenib
DB09049,Naloxegol
DB06207,Silodosin
DB06445,Diethylnorspermine
DB05266,Ibudilast
DB04957,Azimilide
DB12001,Abemaciclib
DB11919,6-O-benzylguanine
DB00745,Modafinil
DB08895,Tofacitinib
DB06663,Pasireotide
DB06814,Protokylol
DB00367,Levonorgestrel
DB12399,Polmacoxib
DB09413,Monopotassium phosphate
DB00324,Fluorometholone
DB08880,Teriflunomide
DB06708,Lumefantrine
DB06419,Cethromycin
DB06217,Vernakalant
DB00226,Guanadrel
DB01228,Encainide
DB02709,Resveratrol
DB01089,Deserpidine
DB14635,Curcumin sulfate
DB08860,Pitavastatin
DB00212,Remikiren
DB16236,Mitapivat
DB09414,Dipotassium phosphate
DB06730,Gestodene
DB11720,Angiotensin 1-7
DB13452,Cadralazine
DB13435,Endralazine
DB12054,BQ-123
DB13631,Methoserpidine
DB13211,Guanoxan
DB13604,Guanazodine
DB13429,Tolonidine
DB13779,Guanoclor
DB00616,Candoxatril
DB13575,Bietaserpine
DB13410,Guanoxabenz
DB00201,Caffeine
DB00382,Tacrine
DB14938,Flurbiprofen axetil
DB11201,Menthyl salicylate
DB04911,Oritavancin
DB11323,Glycol salicylate
DB05239,Cobimetinib
DB12598,Nafamostat
DB01113,Papaverine
DB11952,Duvelisib
DB14975,Voxelotor
DB11390,Coumaphos
DB01459,Bezitramide
DB00550,Propylthiouracil
DB04938,Ospemifene
DB00663,Flumethasone
DB12412,Gemigliptin
DB12625,Evogliptin
DB04830,Buformin
DB12268,Carmegliptin
DB04876,Vildagliptin
DB11950,Teneligliptin
DB12597,Asciminib
DB11723,Dutogliptin
DB12417,Anagliptin
DB08382,Gosogliptin
DB11992,Omarigliptin
DB06127,Bisegliptin
DB00607,Nafcillin
DB06011,AMG-222
DB11412,Fenthion
DB11397,Dichlorvos
DB11791,Capmatinib
DB12887,Tazemetostat
DB11107,Potassium bitartrate
DB12670,Rolofylline
DB05034,Ularitide
DB09297,Paritaprevir
DB06414,Etravirine
DB01131,Proguanil
DB13941,Piperaquine
DB13453,Xenon
DB00888,Mechlorethamine
DB11404,Enrofloxacin
DB11613,Velpatasvir
DB15444,Elexacaftor
DB01667,8-azaguanine
DB01382,Glymidine
DB11641,Vinflunine
DB06267,Udenafil
DB11703,Acalabrutinib
DB01252,Mitiglinide
DB12978,Pexidartinib
DB01058,Praziquantel
DB00175,Pravastatin
DB06715,Potassium Iodide
DB00970,Dactinomycin
DB00284,Acarbose
DB05316,Pimavanserin
DB05812,Abiraterone
DB00491,Miglitol
DB04878,Voglibose
DB09022,Benfluorex
DB08827,Lomitapide
DB01700,AICA ribonucleotide
DB12935,Remogliflozin etabonate
DB12214,Luseogliflozin
DB14027,Taspoglutide
DB11780,Allicin
DB11898,"2,4-thiazolidinedione"
DB11824,Tofogliflozin
DB14035,Englitazone
DB11698,Ipragliflozin
DB15133,Tepotinib
DB11828,Neratinib
DB13203,Bamifylline
DB13812,Bufylline
DB12926,Cafedrine
DB04216,Quercetin
DB01482,Fenethylline
DB06479,Propentofylline
DB13449,Proxyphylline
DB13634,Pentifylline
DB14132,8-chlorotheophylline
DB13573,Acefylline
DB02134,Xanthine
DB13592,Etamiphylline
DB02568,Peldesine
DB04076,Hypoxanthine
DB12531,Lobucavir
DB04356,9-Deazaguanine
DB12406,Lisofylline
DB02489,9-Methylguanine
DB01303,Oxtriphylline
DB06442,Avasimibe
DB11481,Atipamezole
DB12551,Idazoxan
DB05928,Dovitinib
DB04581,1-benzylimidazole
DB11995,Avatrombopag
DB16629,Serdexmethylphenidate
DB08814,Triflusal
DB06441,Cangrelor
DB01566,Methylenedioxyethamphetamine
DB00744,Zileuton
DB11110,Magnesium citrate
DB01092,Ouabain
DB00627,Niacin
DB00974,Edetic acid
DB00561,Doxapram
DB08994,Ditazole
DB13616,Melagatran
DB00006,Bivalirudin
DB00686,Pentosan polysulfate
DB13124,Troxerutin
DB06406,Idraparinux
DB12831,Gabexate
DB14726,Dabigatran
DB06635,Otamixaban
DB00278,Argatroban
DB11984,Letaxaban
DB12289,Darexaban
DB15880,Dermatan sulfate
DB00471,Montelukast
DB06543,Astaxanthin
DB02032,Epicaptopril
DB14973,Abrocitinib
DB12025,Triptolide
DB11886,Infigratinib
DB06729,Sulfaphenazole
DB08889,Carfilzomib
DB00615,Rifabutin
DB06717,Fosaprepitant
DB11622,Dehydrocholic acid
DB09083,Ivabradine
DB04889,Bicifadine
DB14644,Methylprednisolone hemisuccinate
DB00242,Cladribine
DB13358,Cibenzoline
DB04348,Taurocholic acid
DB00823,Ethynodiol diacetate
DB14506,Lithium hydroxide
DB06652,Vicriviroc
DB00549,Zafirlukast
DB14029,Furafylline
DB01012,Cinacalcet
DB01128,Bicalutamide
DB01106,Levocabastine
DB11363,Alectinib
DB11994,Diacerein
DB13174,Rhein
DB09291,Rolapitant
DB14643,Methylprednisolone aceponate
DB12130,Lorlatinib
DB00859,Penicillamine
DB11574,Elbasvir
DB12712,Pilsicainide
DB13879,Glecaprevir
DB11967,Binimetinib
DB15035,Zanubrutinib
DB01053,Benzylpenicillin
DB00585,Nizatidine
DB08820,Ivacaftor
DB11640,Amifampridine
DB00511,Acetyldigitoxin
DB15465,Benzhydrocodone
DB01078,Deslanoside
DB09102,Daclatasvir
DB08903,Bedaquiline
DB12455,Omadacycline
DB00719,Azatadine
DB16703,Belumosudil
DB08875,Cabozantinib
DB08828,Vismodegib
DB12515,9-aminocamptothecin
DB12941,Darolutamide
DB15777,Fluocortolone pivalate
DB15821,Fluocortolone caproate
DB08930,Dolutegravir
DB09296,Ombitasvir
DB11693,Voclosporin
DB01378,Magnesium cation
DB00636,Clofibrate
DB01204,Mitoxantrone
DB00169,Cholecalciferol
DB00455,Loratadine
DB13528,Chlormadinone
DB15442,Trilaciclib
DB11507,Cloprostenol
DB11619,Gestrinone
DB09371,Norethynodrel
DB13857,Demegestone
DB00481,Raloxifene
DB13685,Quingestanol
DB13981,Nomegestrol acetate
DB08867,Ulipristal
DB09389,Norgestrel
DB06719,Buserelin
DB06825,Triptorelin
DB04856,Dexloxiglumide
DB00595,Oxytetracycline
DB08162,Fasudil
DB13249,Magnesium silicate
DB08995,Diosmin
DB11189,Magnesium glycinate
DB12612,Ozanimod
DB00987,Cytarabine
DB14482,Sodium ascorbate
DB06727,Sparteine
DB05154,Pretomanid
DB03604,Tiratricol
DB11712,Tezacaftor
DB01429,Aprindine
DB11800,Tivozanib
DB12952,Methylprednisone
DB11637,Delamanid
DB06608,Tafenoquine
DB06670,Odanacatib
DB12457,Rimegepant
DB13652,Bunaftine
DB00136,Calcitriol
DB06200,Tedisamil
DB12286,Simendan
DB13651,Lorajmine
DB01426,Ajmaline
DB13555,Prajmaline
DB06468,Cariporide
DB14840,Ripretinib
DB13546,Nizofenone
DB13653,Lorcainide
DB14678,Norethindrone enanthate
DB02659,Cholic Acid
DB06791,Lanreotide
DB06788,Histrelin
DB09143,Sonidegib
DB13467,Lanatoside C
DB13537,Gitoformate
DB13866,Etynodiol
DB11636,Nomegestrol
DB06713,Norelgestromin
DB09020,Bisacodyl
DB06803,Niclosamide
DB14502,"Sodium phosphate, dibasic"
DB09462,Glycerin
DB00301,Flucloxacillin
DB00291,Chlorambucil
DB07841,Geranylgeranyl diphosphate
DB08868,Fingolimod
DB00950,Fexofenadine
DB01349,Tasosartan
DB00884,Risedronic acid
DB07348,Brefeldin A
DB12035,Sarecycline
DB11739,Vonoprazan
DB13707,Sodium tartrate
DB13526,Pentaerithrityl
DB12942,Lactitol
DB14546,Sulfate ion
DB01056,Tocainide
DB13878,Pibrentasvir
DB00630,Alendronic acid
DB00592,Piperazine
DB13240,Cymarin
DB14516,Sodium cation
DB13322,Hydrotalcite
DB08938,Magaldrate
DB01393,Bezafibrate
DB13563,Norgestrienone
DB00895,Benzylpenicilloyl polylysine
DB08799,Antazoline
DB08736,"S,R-Warfarin alcohol"
DB08735,"R,S-Warfarin alcohol"
DB12523,Mizolastine
DB11591,Bilastine
DB12877,Oxatomide
DB00389,Carbimazole
DB08936,Chlorcyclizine
DB14627,Oxyphenisatin acetate
DB07715,Emodin
DB11841,Entinostat
DB14232,Deacetylbisacodyl
DB08890,Linaclotide
DB04823,Oxyphenisatin
DB00883,Isosorbide dinitrate
DB13170,Plecanatide
DB11830,Mocetinostat
DB12565,Abexinostat
DB12174,CUDC-101
DB12645,Givinostat
DB09484,Sodium fluorophosphate
DB11891,Fimepinostat
DB15477,Alloin
DB04816,Dantron
DB06699,Degarelix
DB05223,Pracinostat
DB12376,Ricolinostat
DB06334,Tucidinostat
DB01620,Pheniramine
DB01103,Quinacrine
DB15328,Ubrogepant
DB04824,Phenolphthalein
DB11365,Sennosides
DB00781,Polymyxin B
DB06266,Lonidamine
DB11575,Grazoprevir
DB09483,Potassium lactate
DB15233,Avapritinib
DB01084,Emedastine
DB00989,Rivastigmine
DB11089,Docusate
DB13310,Ormeloxifene
DB00488,Altretamine
DB13456,Midecamycin
DB05465,Tandutinib
DB04847,Roxadustat
DB01612,Amyl Nitrite
DB12319,Benzbromarone
DB08916,Afatinib
DB12020,Tecovirimat
DB11638,Artenimol
DB00233,Aminosalicylic acid
DB05708,GTS-21
DB00736,Esomeprazole
DB13367,Cloricromen
DB01005,Hydroxyurea
DB00658,Sevelamer
DB04695,Farnesyl thiopyrophosphate
DB01117,Atovaquone
DB11408,Famphur
DB01256,Retapamulin
DB07780,Farnesyl diphosphate
DB12231,Temefos
DB00556,Perflutren
DB11448,Phosmet
DB01599,Probucol
DB00163,Vitamin E
DB13744,Piromidic acid
DB09042,Tedizolid phosphate
DB09283,Trapidil
DB06174,Noscapine
DB13929,Relcovaptan
DB00445,Epirubicin
DB04682,Octylphenoxy polyethoxyethanol
DB05767,Andrographolide
DB13036,Ramatroban
DB12466,Favipiravir
DB13044,Gossypol
DB12321,Ifetroban
DB11632,Opicapone
DB05830,Trestolone
DB04066,p-Coumaric acid
DB01207,Ridogrel
DB11737,Icotinib
DB13327,Picotamide
DB12749,Butylphthalide
DB12771,Hydroxytyrosol
DB08887,Icosapent ethyl
DB06709,Methacholine
DB01319,Fosamprenavir
DB15463,Belzutifan
DB06724,Calcium carbonate
DB01006,Letrozole
DB00305,Mitomycin
DB00256,Lymecycline
DB01094,Hesperetin
DB01073,Fludarabine
DB12843,Oleandrin
DB13307,Proscillaridin
DB01342,Forasartan
DB13756,Peruvoside
DB08844,Uric acid
DB00352,Tioguanine
DB00276,Amsacrine
DB06575,Valomaciclovir
DB07954,3-isobutyl-1-methyl-7H-xanthine
DB15122,PCS-499
DB02245,7-Deazaguanine
DB00485,Dicloxacillin
DB02377,Guanine
DB01978,"7,9-Dimethylguanine"
DB00621,Oxandrolone
DB01496,"Dihydro-2-thioxo-5-((5-(2-(trifluoromethyl)phenyl)-2-furanyl)methyl)-4,6(1H,5H)-pyrimidinedione"
DB00293,Raltitrexed
DB00602,Ivermectin
DB06735,Enclomiphene
DB05990,Obeticholic acid
DB06506,Repinotan
DB09173,Butyrfentanyl
DB14723,Larotrectinib
DB06723,Aluminum hydroxide
DB01196,Estramustine
DB00357,Aminoglutethimide
DB00649,Stavudine
DB00618,Demeclocycline
DB00428,Streptozocin
DB00453,Clomocycline
DB00931,Metacycline
DB13264,Penimepicycline
DB01042,Melphalan
DB01262,Decitabine
DB13910,Valproate bismuth
DB14025,Clinafloxacin
DB01206,Lomustine
DB01280,Nelarabine
DB15149,Futibatinib
DB14033,Acetyl sulfisoxazole
DB01294,Bismuth subsalicylate
DB14031,Tretamine
DB11792,Mirodenafil
DB15456,Vericiguat
DB11760,Talazoparib
DB00720,Clodronic acid
DB12329,Eravacycline
DB13280,Aluminium acetoacetate
DB06255,Incadronic acid
DB13626,Aluminium glycinate
DB00521,Carteolol
DB01077,Etidronic acid
DB06819,Phenylbutyric acid
DB00917,Dinoprostone
DB14542,Hydrocortisone phosphate
DB00891,Sulfapyridine
DB04794,Bifonazole
DB01214,Metipranolol
DB09087,Potassium alum
DB01217,Anastrozole
DB03756,Doconexent
DB05903,KOS-1584
DB11405,Eprinomectin
DB11459,Selamectin
DB06587,Mitemcinal
DB11470,Tildipirosin
DB12391,Sagopilone
DB11752,Bryostatin 1
DB00954,Dirithromycin
DB13338,Flurithromycin
DB01873,Epothilone D
DB11383,Carbomycin
DB11442,Oleandomycin
DB03010,Patupilone
DB06233,Ridaforolimus
DB04557,Arachidonic Acid
DB01152,Candicidin
DB09309,Kitasamycin
DB04070,6-Deoxyerythronolide B
DB09308,Solithromycin
DB12266,Epofolate
DB05351,Dexlansoprazole
DB01282,Carbetocin
DB13409,Rokitamycin
DB06235,Vadimezan
DB12301,Doravirine
DB14026,Thiosalicylic acid
DB06251,Dersalazine
DB06807,Phenyl aminosalicylate
DB09543,Methyl salicylate
DB01143,Amifostine
DB09112,Nitrous acid
DB13509,Aloxiprin
DB01411,Pranlukast
DB14517,Aluminium phosphate
DB13644,Methylthiouracil
DB00905,Bimatoprost
DB03374,"3,5-Diiodotyrosine"
DB07637,Dibromotyrosine
DB13804,Benzylthiouracil
DB14761,Remdesivir
DB00399,Zoledronic acid
DB00120,Phenylalanine
DB06234,Maribavir
DB15091,Upadacitinib
DB06756,Betaine
DB00545,Pyridostigmine
DB12097,Mannitol busulfan
DB02968,Penicillin G Acyl-Serine
DB00287,Travoprost
DB06826,Unoprostone
DB02365,"1,10-Phenanthroline"
DB02845,Methylphosphinic Acid
DB13495,Paraoxon
DB13694,Distigmine
DB13058,Methanesulfonyl Fluoride
DB13668,Ipidacrine
DB01400,Neostigmine
DB04864,Huperzine A
DB00981,Physostigmine
DB15317,Posiphen
DB00944,Demecarium
DB00711,Diethylcarbamazine
DB00677,Isoflurophate
DB01122,Ambenonium
DB11473,Metrifonate
DB12482,Acotiamide
DB04892,Phenserine
DB14845,Filgotinib
DB12230,Bunazosin
DB09298,Silibinin
DB12629,"3,5-diiodothyropropionic acid"
DB06777,Chenodeoxycholic acid
DB05482,SN-38
DB01373,Calcium
DB00576,Sulfamethizole
DB13977,Potassium carbonate
DB13620,Potassium gluconate
DB00792,Tripelennamine
DB08798,Sulfamoxole
DB01598,Imipenem
DB14492,Potassium triiodide
DB11079,Trolamine salicylate
DB11153,Potassium hydroxide
DB13125,Lusutrombopag
DB01061,Azlocillin
DB01627,Lincomycin
DB11869,Valspodar
DB13996,Magnesium acetate
DB01051,Novobiocin
DB00560,Tigecycline
DB09409,Magnesium acetate tetrahydrate
DB01301,Rolitetracycline
DB00442,Entecavir
DB06827,Viomycin
DB13650,Aloglutamol
DB00973,Ezetimibe
DB00299,Penciclovir
DB13209,Bismuth subnitrate
DB12617,Mizoribine
DB09517,Sodium ferric gluconate complex
DB12947,Doxifluridine
DB00799,Tazarotene
DB01096,Oxamniquine
DB01562,1-(2-Phenylethyl)-4-phenyl-4-acetoxypiperidine
DB00258,Calcium acetate
DB00910,Paricalcitol
DB13762,Dexrabeprazole
DB14210,Moexiprilat
DB14209,Trandolaprilat
DB01606,Tazobactam
DB13359,Magnesium aspartate
DB13786,Magnesium orotate
DB04975,Banoxantrone
DB14577,Calcium cation
DB13749,Magnesium gluconate
DB14583,Segesterone acetate
DB08167,Methylthioninium
DB06510,Muraglitazar
DB00345,Aminohippuric acid
DB00400,Griseofulvin
DB08833,Taurochenodeoxycholic acid
DB13829,Calcium silicate
DB01220,Rifaximin
DB01390,Sodium bicarbonate
DB01586,Ursodeoxycholic acid
DB13590,Calcium pangamate
DB00326,Calcium glucoheptonate
DB05804,Prasterone sulfate
DB12996,Acteoside
DB11616,Pirarubicin
DB12902,Trofosfamide
DB03523,Brequinar
DB12991,Deoxyspergualin
DB11126,Calcium gluconate
DB12692,Gusperimus
DB05260,Gallium nitrate
DB00693,Fluorescein
DB02123,Glycochenodeoxycholic Acid
DB00882,Clomifene
DB12836,Grapiprant
DB00205,Pyrimethamine
DB09161,Technetium Tc-99m sestamibi
DB11805,Saracatinib
DB15011,Avacopan
DB06817,Raltegravir
DB00578,Carbenicillin
DB15565,Cilazaprilat
DB00869,Dorzolamide
DB00979,Cyclopentolate
DB11181,Homatropine
DB00809,Tropicamide
DB08502,Capravirine
DB01369,Quinupristin
DB16650,Deucravacitinib
DB01764,Dalfopristin
DB00769,Hydrocortamate
DB13055,Oteseconazole
DB00337,Pimecrolimus
DB09270,Ubidecarenone
DB04894,Vapreotide
DB16098,Atogepant
DB13742,Elcatonin
DB04881,Elacridar
DB11537,Pirlimycin
DB04854,Febuxostat
DB03619,Deoxycholic acid
DB00520,Caspofungin
DB11348,Calcium Phosphate
DB06698,Betahistine
DB02901,Stanolone
DB13132,Artemisinin
DB14783,Diroximel fumarate
DB01164,Calcium chloride
DB14219,Monomethyl fumarate
DB02806,2-Methoxyethanol
DB08908,Dimethyl fumarate
DB03451,Lexacalcitol
DB15646,Fasitibant
DB13068,9-(N-methyl-L-isoleucine)-cyclosporin A
DB01816,Castanospermine
DB01423,Stepronin
DB11708,Peficitinib
DB07931,Hexestrol
DB06412,Oxymetholone
DB01085,Pilocarpine
DB00260,Cycloserine
DB09099,Somatostatin
DB09282,Molsidomine
DB13180,Gluconic Acid
DB06469,Lestaurtinib
DB04865,Omacetaxine mepesuccinate
DB14989,Umbralisib
DB13814,Talampicillin
DB00417,Phenoxymethylpenicillin
DB01000,Cyclacillin
DB13337,Pheneticillin
DB13693,Sulbenicillin
DB01605,Pivmecillinam
DB13300,Epicillin
DB01147,Cloxacillin
DB13686,Clometocillin
DB13816,Aspoxicillin
DB13836,Metampicillin
DB12127,Sultamicillin
DB01603,Meticillin
DB13660,Propicillin
DB00739,Hetacillin
DB01163,Amdinocillin
DB08795,Azidocillin
DB12343,Temocillin
DB01604,Pivampicillin
DB09319,Carindacillin
DB13506,Carfecillin
DB01602,Bacampicillin
DB13739,Penamecillin
DB13800,Calcium levulinate
DB13142,Calcium glubionate anhydrous
DB09211,Limaprost
DB00948,Mezlocillin
DB01607,Ticarcillin
DB15366,SOR-C13
DB06732,beta-Naphthoflavone
DB00269,Chlorotrianisene
DB15334,Biochanin A
DB06272,Maxacalcitol
DB04258,Seocalcitol
DB08846,Ellagic acid
DB03496,Alvocidib
DB09124,Medrogestone
DB03553,Glutaric Acid
DB08804,Nandrolone decanoate
DB13746,Bioallethrin
DB09421,Protirelin
DB05814,GPI-1485
DB11644,Tafamidis
DB11942,Selinexor
DB14515,Magnesium lactate
DB14514,Magnesium levulinate
DB11475,Tylosin
DB00378,Dydrogesterone
DB11471,Tilmicosin
DB13602,Promegestone
DB11554,Tylvalosin
DB01321,Josamycin
DB14570,Hydroxyprogesterone
DB00896,Rimexolone
DB00360,Sapropterin
DB14895,Vibegron
DB03128,Acetylcholine
DB04573,Estriol
DB13169,Nandrolone
DB04575,Quinestrol
DB00984,Nandrolone phenpropionate
DB05467,Palovarotene
DB15568,Adagrasib
DB00770,Alprostadil
DB13609,Umifenovir
DB13231,Calcium lactate
DB00990,Exemestane
DB11093,Calcium citrate
DB01456,5-androstenedione
DB01536,Androstenedione
DB06718,Stanozolol
DB00870,Suprofen
DB13514,Pranoprofen
DB12543,Samidorphan
DB15300,Hydroquinidine
DB12799,Laniquidar
DB06191,Zosuquidar
DB00650,Leucovorin
DB04851,Biricodar
DB14069,ONT-093
DB06240,Tariquidar
DB06199,Atrasentan
DB13346,Bufexamac
DB11799,Bictegravir
DB09275,Bismuth subcitrate potassium
DB00963,Bromfenac
DB01299,Sulfadoxine
DB06802,Nepafenac
DB00536,Guanidine
DB04934,Rifalazil
DB13718,Hydroquinine
DB13635,Tiracizine
DB13645,Ethacizine
DB13863,Fosfructose
DB08999,Cyclopentamine
DB09147,Ferric pyrophosphate
DB13418,Moxestrol
DB15335,Formononetin
DB13143,Methallenestril
DB11674,Equol
DB11478,Zeranol
DB13386,Epimestrol
DB09070,Tibolone
DB06410,Doxercalciferol
DB04796,Inecalcitol
DB16623,Amidephrine
DB00146,Calcifediol
DB05295,Eldecalcitol
DB06117,"1alpha,24S-Dihydroxyvitamin D2"
DB01436,Alfacalcidol
DB06194,Elocalcitol
DB13097,1alpha-Hydroxyvitamin D5
DB04891,Becocalcidiol
DB01537,"4-Bromo-2,5-dimethoxyphenethylamine"
DB14752,Racephedrine
DB01070,Dihydrotachysterol
DB06714,Propylhexedrine
DB13587,Mesterolone
DB15614,Previtamin D(3)
DB07477,Felbinac
DB12674,Lurbinectedin
DB13501,Bendazac
DB13364,Feprazone
DB12480,Betulinic Acid
DB15102,Pemigatinib
DB14057,Valinomycin
DB04690,Camptothecin
DB01185,Fluoxymesterone
DB12461,GLPG-0492
DB11751,Cabotegravir
DB03793,Benzoic acid
DB13460,Ronifibrate
DB09064,Ciprofibrate
DB13780,Aluminium clofibrate
DB08983,Etofibrate
DB13849,Clofibride
DB13433,Simfibrate
DB02527,Cyclic adenosine monophosphate
DB00155,Citrulline
DB06799,Methenamine
DB06704,Iobenguane
DB11281,Bismuth subcarbonate
DB00153,Ergocalciferol
DB01083,Orlistat
DB13773,Sulfamethoxypyridazine
DB06821,Sulfameter
DB09271,Cimetropium
DB11789,Hyodeoxycholic Acid
DB01581,Sulfamerazine
DB02691,Glycocholic acid
DB08834,Tauroursodeoxycholic acid
DB15673,Lenacapavir
DB13615,Mifamurtide
DB01592,Iron
DB17083,Linzagolix
DB01260,Desonide
DB12151,Brincidofovir
DB01130,Prednicarbate
DB12377,Relebactam
DB14538,Hydrocortisone aceponate
DB15598,Ferric maltol
DB14543,Hydrocortisone probutate
DB14544,Hydrocortisone valerate
DB08884,Gadoxetic acid
DB08619,Testosterone succinate
DB13949,Ferric cation
DB09146,Iron sucrose
DB00902,Methdilazine
DB14695,Ferric oxyhydroxide
DB14520,Tetraferric tricitrate decahydrate
DB12471,Ibrexafungerp
DB15763,Iron polymaltose
DB13381,Sodium feredetate
DB13423,Ferric hydroxide
DB12073,Albaconazole
DB11171,Ferric sulfate
DB06440,Ravuconazole
DB06395,Abafungin
DB11417,Gleptoferron
DB13257,Ferrous sulfate anhydrous
DB12821,Perflubutane
DB09501,Ferric ammonium citrate
DB06783,Prussian blue
DB14489,Ferrous succinate
DB01019,Bethanechol
DB14488,Ferrous gluconate
DB12057,ORM-12741
DB11750,Clobetasol
DB09097,Quinagolide
DB11210,Ferrous bisglycinate
DB06693,Mevastatin
DB14485,Zinc ascorbate
DB06721,Gimatecan
DB08933,Luliconazole
DB14491,Ferrous fumarate
DB11936,Bempedoic acid
DB13158,Clobetasone
DB00253,Medrysone
DB00288,Amcinonide
DB06781,Difluprednate
DB15575,Padeliporfin
DB06786,Halcinonide
DB00846,Flurandrenolide
DB00240,Alclometasone
DB15357,Xanomeline
DB05152,NGX267
DB00411,Carbamoylcholine
DB07720,Epibatidine
DB05137,Lobeline
DB04365,Arecoline
DB00166,Lipoic acid
DB00654,Latanoprost
DB05016,Ataluren
DB11429,Mibolerone
DB01541,Boldenone
DB12884,Lavoltidine
DB08806,Roxatidine acetate
DB01485,4-Hydroxytestosterone
DB13760,Niperotidine
DB08805,Metiamide
DB01564,Calusterone
DB01481,1-Testosterone
DB13958,Trestolone acetate
DB13947,Testosterone enantate benzilic acid hydrazone
DB12770,Lafutidine
DB00943,Zalcitabine
DB11660,Latanoprostene bunod
DB00122,Choline
DB12789,Dinoprost
DB08819,Tafluprost
DB02304,Prostaglandin B2
DB11454,Prostalene
DB11519,Fluprostenol
DB13824,Enprostil
DB03866,Prostaglandin G2
DB06804,Nonoxynol-9
DB02056,Prostaglandin D2
DB11411,Fenprostalene
DB11425,Luprostiol
DB05381,Histamine
DB04835,Maraviroc
DB13664,Formocortal
DB13728,Halometasone
DB00838,Clocortolone
DB00223,Diflorasone
DB03701,Vanoxerine
DB00596,Ulobetasol
DB02789,Pregnenolone
DB03515,Equilenin
DB06685,Laquinimod
DB02187,Equilin
DB11274,Dihydro-alpha-ergocryptine
DB05212,HE3286
DB06780,Desoxycorticosterone acetate
DB01134,Desoxycorticosterone pivalate
DB04652,Corticosterone
DB06742,Ambroxol
DB00873,Loteprednol
DB16691,Nirmatrelvir
DB04540,Cholesterol
DB03467,Naringenin
DB14634,Fluprednidene acetate
DB02115,Daidzin
DB00067,Vasopressin
DB00666,Nafarelin
DB04977,Plitidepsin
DB12478,Piribedil
DB09055,Acipimox
DB13393,Emetine
DB11576,Ferric oxide
DB11268,Protocatechualdehyde
DB16267,Olutasidenib
DB13751,Glycyrrhizic acid
DB09374,Indocyanine green acid form
DB15213,25-desacetylrifapentine
DB12890,Dihydrexidine
DB11275,Epicriptine
DB11447,Phenothiazine
DB01362,Iohexol
DB14071,Desmethylsertraline
DB03938,Deacetoxycephalosporin C
DB02136,Cephalosporin analog
DB13854,Gamolenic acid
DB03313,Cephalosporin C
DB01370,Aluminium
DB06793,Levopropoxyphene
DB09274,Artesunate
DB00659,Acamprosate
DB00671,Cefixime
DB00139,Succinic acid
DB01613,Erythrityl tetranitrate
DB13408,Methylpropylpropanediol dinitrate
DB14077,Magnesium stearate
DB13255,Propatyl nitrate
DB09060,Avibactam
DB13637,Tenitramine
DB14049,Nitrate
DB13862,Magnesium phosphate
DB03902,Oxalic Acid
DB13719,Trolnitrate
DB01284,Tetracosactide
DB12051,Setrobuvir
DB13283,Sulfaisodimidine
DB07996,5-(2-methylpiperazine-1-sulfonyl)isoquinoline
DB11464,Sulfaquinoxaline
DB04707,Hydroxyfasudil
DB06150,Sulfadimethoxine
DB13547,Sulfatolamide
DB06792,Lanthanum carbonate
DB12921,Chlorsulfaquinoxaline
DB13485,Sulfametomidine
DB13556,Sulfamazone
DB13214,Sulfadicramide
DB13580,Succinylsulfathiazole
DB00664,Sulfametopyrazine
DB11462,Sulfaethoxypyridazine
DB01298,Sulfacytine
DB13726,Sulfaguanidine
DB13320,Sulfaperin
DB14725,Cefamandole nafate
DB11463,Sulfanitran
DB13248,Phthalylsulfathiazole
DB13699,Sulfathiourea
DB14733,Ceftobiprole medocaril
DB11389,Clorsulon
DB11461,Sulfachlorpyridazine
DB15975,Sulfametrole
DB01582,Sulfamethazine
DB00173,Adenine
DB00947,Fulvestrant
DB06013,Aldoxorubicin
DB00523,Alitretinoin
DB05076,Fenretinide
DB09499,Thiosulfuric acid
DB00168,Aspartame
DB01597,Cilastatin
DB04519,Caprylic acid
DB06145,Spiramycin
DB01127,Econazole
DB14763,Cycloguanil
DB06728,Aniline
DB05168,Vintafolide
DB01708,Prasterone
DB00920,Ketotifen
DB09343,Tipiracil
DB06206,Sugammadex
DB00609,Ethionamide
DB00655,Estrone
DB00868,Benzonatate
DB04250,Butyrylthiocholine
DB05875,"Sar9, Met (O2)11-Substance P"
DB02105,"3,5-Dinitrocatechol"
DB12866,Pradigastat
DB01650,trans-2-hydroxycinnamic acid
DB00152,Thiamine
DB09327,Tegafur-uracil
DB13851,Artemotil
DB12975,Pyronaridine
DB11809,Artefenomel
DB12314,Chlorproguanil
DB15775,Algestone acetophenide
DB14679,Quingestanol acetate
DB11372,Altrenogest
DB13533,Methylestrenolone
DB13230,Gestonorone
DB13569,Ferrous chloride
DB14048,Sodium zirconium cyclosilicate
DB00646,Nystatin
DB09221,Polaprezinc
DB01007,Tioconazole
DB14532,Zinc cation
DB09269,Phenylacetic acid
DB11100,Allantoin
DB04249,Zinc Substituted Heme C
DB11175,Zinc picolinate
DB11248,Zinc gluconate
DB14479,Acetylcysteine zinc
DB14533,Zinc chloride
DB00302,Tranexamic acid
DB14487,Zinc acetate
DB14493,Zinc glycinate
DB02165,Zinc trihydroxide
DB01593,Zinc
DB09322,Zinc sulfate
DB09321,Zinc oxide
DB11154,Zinc citrate
DB01471,Bolasterone
DB00126,Ascorbic acid
DB01554,Bolandiol
DB16625,Prasterone enantate
DB12425,Liothyronine I-131
DB16003,Testosterone phenylpropionate
DB16002,Testosterone isocaproate
DB16001,Testosterone decanoate
DB00162,Vitamin A
DB05107,16-Bromoepiandrosterone
DB12194,Atamestane
DB07768,Epitestosterone
DB01524,Androstenediol
DB01434,19-norandrostenedione
DB06461,Squalamine
DB06250,Fluasterone
DB01521,Clostebol
DB08830,Dehydroascorbic acid
DB13710,Metenolone
DB06151,Acetylcysteine
DB14486,Niacinamide ascorbate
DB14483,Calcium ascorbate
DB14481,Calcium phosphate dihydrate
DB09142,Sincalide
DB06741,Gavestinel
DB11493,Sodium tripolyphosphate
DB04160,Pyrophosphoric acid
DB02369,"3-Aza-2,3-Dihydrogeranyl Diphosphate"
DB02423,Thiopyrophosphate
DB05143,OXI-4503
DB02552,Geranyl Diphosphate
DB09267,Strontium ranelate
DB01942,Formic acid
DB00449,Dipivefrin
DB02261,Platelet Activating Factor
DB00890,Dienestrol
DB01892,Hyperforin
DB01783,Pantothenic acid
DB06215,Ferumoxytol
DB09511,Talc
DB04850,Posizolid
DB12487,Promestriene
DB00504,Levallorphan
DB12341,LY-2456302
DB11490,Nalorphine
DB06401,Bazedoxifene
DB12585,Ondelopran
DB12013,Axelopran
DB01548,Diprenorphine
DB06274,Alvimopan
DB11832,Crenolanib
DB02424,Geldanamycin
DB12667,Protionamide
DB05424,Canertinib
DB00766,Clavulanic acid
DB11973,Tesevatinib
DB13028,Biapenem
DB08993,Enviomycin
DB12829,Amithiozone
DB04849,Cediranib
DB12339,Radezolid
DB13705,Decamethoxine
DB03424,Ubenimex
DB11375,Avilamycin
DB14655,Drostanolone propionate
DB11377,Bambermycins
DB14056,Nigericin
DB07374,Anisomycin
DB04124,Aurodox
DB08874,Fidaxomicin
DB11912,Lanopepden
DB06149,Teicoplanin
DB14777,Murepavadin
DB04952,Ramoplanin
DB04785,Streptolydigin
DB11426,Marbofloxacin
DB11458,Roxarsone
DB01572,Methyl-1-testosterone
DB01569,Formebolone
DB11593,Isatoic anhydride
DB11401,Efrotomycin
DB11525,Maduramicin
DB02948,Fosmidomycin
DB11474,Tulathromycin A
DB01543,18-methyl-19-nortestosterone
DB11413,Florfenicol
DB14093,"(1,2,6,7-3H)Testosterone"
DB11416,Gamithromycin
DB11467,Thiostrepton
DB11423,Lasalocid
DB11744,Epetraborole
DB11544,Salinomycin
DB02975,GE-2270A
DB07447,5beta-dihydrotestosterone
DB11432,Narasin
DB13294,Azidamfenicol
DB11468,Tiamulin
DB11485,Ceftiofur
DB13077,Delpazolid
DB15657,Ala-geninthiocin
DB14051,Malacidin A
DB09352,Hydroxyamphetamine
DB14052,Malacidin B
DB08621,Thiamphenicol
DB02237,Maltotetraose
DB13951,Stanolone acetate
DB00919,Spectinomycin
DB01669,Virginiamycin M1
DB14569,Tedizolid
DB03566,Spermidine
DB06535,Etilevodopa
DB13313,Melevodopa
DB00410,Mupirocin
DB00127,Spermine
DB07565,Chloramphenicol succinate
DB00459,Acitretin
DB08965,Fusafungine
DB03166,Acetic acid
DB15623,TMC-310911
DB04209,Dequalinium
DB00027,Gramicidin D
DB15130,Dexpramipexole
DB13912,Coumermycin A1
DB13502,Budipine
DB00879,Emtricitabine
DB13368,Motretinide
DB02699,4-Oxoretinol
DB09031,Miltefosine
DB00926,Etretinate
DB01296,Glucosamine
DB00259,Sulfanilamide
DB08455,Ro 12-7310
DB01629,5-fluorouridine
DB12156,Cordycepin
DB12112,Zuretinol acetate
DB06771,Besifloxacin
DB00964,Apraclonidine
DB01575,Kaolin
DB00847,Cysteamine
DB11860,Aramchol
DB08858,cis-Diamminechlorocholylglycinateplatinum(II)
DB12081,Anecortave
DB12671,Beloranib
DB11366,Roquinimex
DB06436,Semaxanib
DB04866,Halofuginone
DB08633,TNP-470
DB04272,Citric acid
DB02640,Fumagillin
DB12912,Nolatrexed
DB04655,Metoprine
DB03695,Piritrexim
DB12769,Lometrexol
DB09093,Chlortetracycline
DB11716,Misonidazole
DB06749,Ginsenoside Rb1
DB09459,L-tartaric acid
DB06213,Regadenoson
DB13274,Micronomicin
DB00140,Riboflavin
DB13270,Dibekacin
DB13673,Bekanamycin
DB04996,Satraplatin
DB13092,Meclocycline
DB00913,Anileridine
DB11387,Chloroform
DB13229,Enibomal
DB00634,Sulfacetamide
DB05245,Silver sulfadiazine
DB01146,Diphenylpyraline
DB11630,Temoporfin
DB15351,Dihematoporphyrin ether
DB13466,Deptropine
DB14184,Cinnamaldehyde
DB08800,Chloropyramine
DB05428,Motexafin gadolinium
DB00855,Aminolevulinic acid
DB01619,Phenindamine
DB08802,Isothipendyl
DB11812,Talaporfin
DB09047,Finafloxacin
DB13711,Tritoqualine
DB14579,Lanthanum III cation
DB13713,Quifenadine
DB04468,Afimoxifene
DB00826,Natamycin
DB01698,Rutin
DB12259,CG-200745
DB03758,Radicicol
DB12697,Methylselenocysteine
DB15321,Tefinostat
DB12279,OBP-801
DB14523,Phosphate ion
DB13767,Vorozole
DB08313,Nocodazole
DB05088,Tetrathiomolybdate
DB05540,Alanosine
DB09059,Atosiban
DB15419,Nanatinostat
DB13995,Ferric pyrophosphate citrate
DB12382,R-306465
DB15157,Voruciclib
DB16741,Bortezomib D-mannitol
DB16250,Nazartinib
DB06517,MLN576
DB15641,Droloxifene
DB00179,Masoprocol
DB15215,KRN-5500
DB15466,Tallimustine
DB06478,Porfiromycin
DB09010,Carmofur
DB13677,Carboquone
DB15289,Perillyl alcohol
DB15057,osgemcitabine palabenamide
DB14765,Rivoceranib
DB14860,Ensartinib
DB00460,Verteporfin
DB13832,Ranimustine
DB06748,Ginsenoside C
DB00791,Uracil mustard
DB13877,Iniparib
DB13916,Toyocamycin
DB06810,Plicamycin
DB14067,Dofequidar
DB07232,Veliparib
DB00385,Valrubicin
DB11526,Masitinib
DB08486,Efaproxiral
DB09305,Aptazapine
DB09304,Setiptiline
DB14680,Combretastatin A4
DB00236,Pipobroman
DB14792,AZD-5991
DB08913,Radium Ra 223 dichloride
DB14844,Dordaviprone
DB06433,Tezacitabine
DB12385,10-hydroxycamptothecin
DB12108,Taselisib
DB05786,Irofulven
DB12083,Mafosfamide
DB05668,Palifosfamide
DB13182,Daidzein
DB12085,LCL-161
DB11880,Acridine Carboxamide
DB12549,Pyrazoloacridine
DB04222,Sparsomycin
DB04960,Tipifarnib
DB13164,Olmutinib
DB12577,Fosbretabulin
DB01525,Ecgonine
DB05779,Oglufanide
DB05974,Transcrocetinate
DB12146,Rigosertib
DB12124,Namitecan
DB06021,AV-412
DB12593,Apaziquone
DB13104,X-396
DB06040,Filanesib
DB11795,GSK-2636771
DB04688,Methylecgonine
DB11793,Niraparib
DB12596,Combretastatin
DB03172,Tubercidin
DB13543,Mitobronitol
DB01933,7-Hydroxystaurosporine
DB12082,Vesnarinone
DB04961,Troxacitabine
DB12539,Oltipraz
DB04253,Tretazicar
DB04440,Nebularine
DB12340,Navitoclax
DB12352,Bizelesin
DB11999,Vosaroxin
DB05265,Ecabet
DB02109,Hadacidin
DB13339,Etoglucid
DB05129,Elsamitrucin
DB13334,Mannosulfan
DB13318,Demecolcine
DB05022,Amonafide
DB13304,Triaziquone
DB12028,Broxuridine
DB02282,5'-S-methyl-5'-thioadenosine
DB12036,Naquotinib
DB11918,Guadecitabine
DB12459,Belotecan
DB02342,2-Methoxyestradiol
DB11907,Rociletinib
DB04331,Monastrol
DB05524,Pelitinib
DB04297,Trichostatin A
DB13243,Tiazofurine
DB11894,Efatutazone
DB12062,Volasertib
DB13066,Liarozole
DB13069,Nimustine
DB06159,Rubitecan
DB12257,Platinum
DB12222,Lurtotecan
DB06163,Plevitrexed
DB12874,Quizartinib
DB12873,Dianhydrogalactitol
DB11669,Ortataxel
DB12870,Buthionine sulfoximine
DB06263,Amrubicin
DB11662,Rabusertib
DB12232,KRN-7000
DB12379,Indirubin
DB12832,Prednimustine
DB11651,Dactolisib
DB03880,Batimastat
DB12916,Mitolactol
DB12736,Etanidazole
DB12730,Dolastatin 10
DB12677,Soblidotin
DB12681,Salirasib
DB06365,Sapacitabine
DB03825,Rhodamine 6G
DB04786,Suramin
DB11618,Zorubicin
DB11617,Aclarubicin
DB12695,Phenethyl Isothiocyanate
DB12381,Merestinib
DB06420,Annamycin
DB12901,Fiacitabine
DB12881,Indole-3-carbinol
DB11678,Treosulfan
DB03946,"3,4-Dihydroxybenzoic Acid"
DB13046,Tocladesine
DB04106,Fotemustine
DB13005,Rebastinib
DB12422,Sulforaphane
DB06193,Pixantrone
DB06195,Seliciclib
DB04858,Tirapazamine
DB12987,Penclomedine
DB12967,Mitoguazone
DB12920,Pinometostat
DB03419,Uracil
DB11717,Epacadostat
DB12948,Didox
DB11694,Ilorasertib
DB11688,2-chloroethyl-3-sarcosinamide-1-nitrosourea
DB03509,2-(4-Chlorophenyl)-5-Quinoxalinecarboxamide
DB03459,Sparfosic acid
DB12638,Zelavespib
DB06246,Exisulind
DB12637,Onapristone
DB12185,Exatecan
DB12473,Taurolidine
DB04789,5-methyltetrahydrofolic acid
DB11596,Levoleucovorin
DB02067,Triglu-5-formyl-tetrahydrofolate
DB02031,"(6S)-5,6,7,8-tetrahydrofolic acid"
DB00116,Tetrahydrofolic acid
DB14490,Ferrous ascorbate
DB11964,Ilaprazole
DB00118,Ademetionine
DB03034,D-Levofloxacin
DB12806,GSK-1004723
DB08967,Dimetotiazine
DB05383,Pimagedine
DB15120,GSK-239512
DB04837,Clofedanol
DB13654,Montmorillonite
DB11081,Aluminum chloride
DB13317,Flunoxaprofen
DB15192,ABT-288
DB11239,Aluminum sulfate
DB11342,Aluminum oxide
DB14484,Magnesium ascorbate
DB05087,Ganaxolone
DB01210,Levobunolol
DB09018,Bromopride
DB01038,Carphenazine
DB00142,Glutamic acid
DB09207,AS-8112
DB15167,Fallypride
DB15492,Eticlopride
DB12579,JNJ-37822681
DB01425,Alizapride
DB13511,Clebopride
DB12582,Piperine
DB01141,Micafungin
DB00257,Clotrimazole
DB01194,Brinzolamide
DB00929,Misoprostol
DB00856,Chlorphenesin
DB15617,Ferric derisomaltose
DB15305,Risdiplam
DB09130,Copper
DB06302,Glesatinib
DB08399,Piceatannol
DB13026,Ornidazole
DB12323,Radotinib
DB12307,Foretinib
DB11573,Aluminum chlorohydrate
DB02567,PD173955
DB05575,Motesanib
DB11904,Flumatinib
DB12048,Savolitinib
DB04879,Vatalanib
DB15825,Dihydroxyaluminum sodium carbonate
DB02058,3-[4-(1-formylpiperazin-4-yl)-benzylidenyl]-2-indolinone
DB13319,Propenidazole
DB04571,Trioxsalen
DB04339,Carbocisteine
DB12216,Bergapten
DB11256,Levomefolic acid
DB00724,Imiquimod
DB13279,Carbocromen
DB03256,(6R)-Folinic acid
DB07118,Hymecromone
DB13689,Tacalcitol
DB12823,Tecarfarin
DB13177,4-methylumbelliferyl beta-D-glucoside
DB13155,Esculin
DB04886,Calanolide A
DB03395,Enalkiren
DB11419,Haloxon
DB03966,Clorobiocin
DB13277,Benziodarone
DB12416,VTP-27999
DB02300,Calcipotriol
DB00793,Haloprogin
DB00362,Anidulafungin
DB13603,Pyrrolnitrin
DB13724,Nifuratel
DB03600,Capric acid
DB06733,Bafilomycin A1
DB12939,Nikkomycin Z
DB01422,Nitroxoline
DB09013,Befunolol
DB02756,Pyroquilon
DB04741,Myxothiazol
DB03819,Salicylhydroxamic Acid
DB04744,Lawsone
DB01910,Sinefungin
DB13571,Pentamycin
DB14058,Basifungin
DB08958,Hexetidine
DB00772,Malathion
DB13459,Pecilocin
DB15245,Olorofim
DB02513,Thymol
DB01034,Cerulenin
DB11091,Hydrogen peroxide
DB00170,Menadione
DB15944,Menadione bisulfite
DB00298,Dapiprazole
DB09116,Calcium carbimide
DB13551,Cinchophen
DB13545,Isobromindione
DB13244,Aminomethylbenzoic acid
DB11873,Verinurad
DB00513,Aminocaproic acid
DB13807,Tisopurine
DB13729,Camostat
DB15690,Fluoroestradiol F-18
DB09293,Iodide I-131
DB06766,Alcaftadine
DB00239,Oxiconazole
DB11304,Phenoxyethanol
DB16019,Gallium Ga-68 gozetotide
DB13583,Mephenesin
DB01057,Echothiophate
DB14805,Piflufolastat F 18
DB00429,Carboprost tromethamine
DB15413,Pafolacianine
DB05288,Anecortave acetate
DB13394,Adrenalone
DB13846,Pyrrobutamine
DB00746,Deferoxamine
DB13566,Sequifenadine
DB13840,Hydroxyethylpromethazine
DB13292,Pimethixene
DB13808,Mebhydrolin
DB13349,Talastine
DB00145,Glycine
DB13479,Histapyrrodine
DB04826,Thenalidine
DB06358,Iclaprim
DB13795,Brodimoprim
DB13820,Oxomemazine
DB08878,Aminopterin
DB02860,Calyculin A
DB14642,Lypressin
DB04880,Enoximone
DB13316,Ibopamine
DB09278,Activated charcoal
DB15488,Echinacoside
DB06795,Mafenide
DB07706,2-Hydroxyestradiol
DB16226,Maralixibat
DB11761,Tenapanor
DB00643,Mebendazole
DB15873,Copper oxodotreotide Cu-64
DB09120,Zucapsaicin
DB15694,Cedazuridine
DB13925,Dotatate gallium Ga-68
DB06820,Sulconazole
DB14519,Aluminum cation
DB15494,Edotreotide gallium Ga-68
DB13985,Lutetium Lu 177 dotatate
DB09153,Sodium chloride
DB01839,Propylene glycol
DB08837,Tetraethylammonium
DB03394,Heptaethylene glycol
DB06293,Pegnivacogin
DB04619,Acetophenone
DB16628,Fosdenopterin
DB06261,Hexaminolevulinate
DB13848,Fluorodopa (18F)
DB06659,Rostaporfin
DB15903,Chlormadinone acetate
DB06751,Drotaverine
DB02285,Protoporphyrin
DB01265,Telbivudine
DB16183,Hemoporfin
DB06811,Polidocanol
DB06147,Sulfathiazole
DB09536,Titanium dioxide
DB05296,Motexafin lutetium
DB06202,Lasofoxifene
DB13206,Bamethan
DB00431,Lindane
DB13793,Vinburnine
DB03560,P-Hydroxybenzaldehyde
DB06558,Tezosentan
DB03587,Pyruvaldehyde
DB13472,Cyclofenil
DB00210,Adapalene
DB13228,Flosequinan
DB12803,Dichloroisoproterenol
DB15489,Mexazolam
DB02587,Colforsin
DB12290,Puerarin
DB13681,Butalamine
DB13422,Nicofuranose
DB13265,Hexobendine
DB04513,N-(6-Aminohexyl)-5-Chloro-1-Naphthalenesulfonamide
DB08949,Inositol nicotinate
DB03843,Formaldehyde
DB01878,Benzophenone
DB14708,Tosylchloramide
DB01003,Cromoglicic acid
DB13153,Levomenol
DB09092,Xanthinol
DB04863,Lefradafiban
DB16607,Lithium chloride
DB03266,Glutaral
DB13027,Tucaresol
DB13340,Suloctidil
DB13753,Cetiedil
DB04145,Nicotinyl alcohol
DB00992,Methyl aminolevulinate
DB04334,6-hydroxydopa quinone
DB05262,Oxypurinol
DB03174,Phosphonoacetaldehyde
DB13715,Dilazep
DB12126,Bradykinin
DB12123,Cinepazide
DB09284,Imolamine
DB03057,Malonaldehyde
DB13845,Etafenone
DB02178,Phenylacetaldehyde
DB00848,Levamisole
DB09069,Trimetazidine
DB00134,Methionine
DB09096,Benzoyl peroxide
DB08974,Flubendazole
DB00130,L-Glutamine
DB00132,alpha-Linolenic acid
DB09056,Amorolfine
DB12293,Nefopam
DB00135,Tyrosine
DB04267,Dipicolinic acid
DB12447,Nadifloxacin
DB15381,Menaquinone
DB15394,gamma-Tocopherol
DB15930,Carbaryl
DB16261,Odevixibat
DB04711,Iodipamide
DB16145,Dotinurad
DB15445,Iodohippuric acid
DB12647,Tocotrienol
DB06421,Declopramide
DB03849,Cilomilast
DB08964,Gemeprost
DB11998,Sorivudine
DB00768,Olopatadine
DB11282,Diethyltoluamide
DB02266,Flufenamic acid
DB13960,Bronopol
DB00644,Gonadorelin
DB14001,alpha-Tocopherol succinate
DB14002,D-alpha-Tocopherol acetate
DB13272,Meladrazine
DB13268,Acetarsol
DB14015,Sodium bisulfite
DB11185,Sulisobenzone
DB02345,Selenocysteine
DB02442,Dioxyselenocysteine
DB11142,Selenomethionine
DB00566,Succimer
DB13238,Tuaminoheptane
DB00551,Acetohydroxamic acid
DB02589,Se-Ethyl-Isoselenourea
DB07069,m-Hydroxyhippuric acid
DB02753,Selenoinosine
DB13871,Albendazole oxide
DB06755,Beta carotene
DB01791,Piclamilast
DB11480,Zoalene
DB11590,Thimerosal
DB01160,Dinoprost tromethamine
DB13622,Selenium (75Se) norcholesterol
DB13614,Metizoline
DB11677,Triheptanoin
DB11510,Deslorelin
DB01237,Bromodiphenhydramine
DB01243,Chloroxine
DB13736,Fenoxazoline
DB13747,Trolamine
DB01740,"4-butyl-5-propyl-1,3-selenazol-2-amine"
DB06137,Tirbanibulin
DB11446,Oxfendazole
DB01520,Tenocyclidine
DB13489,Bamipine
DB13798,Demoxytocin
DB11410,Fenbendazole
DB05631,ALT-2074
DB13827,Indanazoline
DB11380,Cambendazole
DB11068,Selenic acid
DB14074,Icaridin
DB14098,Cobalamin
DB12911,Nicoboxil
DB03312,Brivudine
DB08783,(4-{(2S)-2-[(tert-butoxycarbonyl)amino]-3-methoxy-3-oxopropyl}phenyl)methaneseleninic acid
DB03423,S-Adenosyl-L-Homoselenocysteine
DB12192,Emeramide
DB14598,Edetate calcium disodium anhydrous
DB14600,Edetate disodium anhydrous
DB08803,Tymazoline
DB03513,"(S)-2-Amino-3-(4h-Selenolo[3,2-B]-Pyrrol-6-Yl)-Propionic Acid"
DB12924,Ozenoxacin
DB03754,Tromethamine
DB12148,Menatetrenone
DB12776,E-6005
DB04795,Thenoyltrifluoroacetone
DB14849,Nebicapone
DB00194,Vidarabine
DB08947,Iopamidol
DB00183,Pentagastrin
DB14936,Menaquinone 6
DB15051,Ethaselen
DB12708,Sulprostone
DB13029,MK-0873
DB09350,Piperonyl butoxide
DB02958,Selenomethionine Selenoxide
DB14477,DL-alpha tocopheryl acetate
DB14186,Cinnamyl alcohol
DB14193,Ditiocarb zinc
DB14194,Zinc dibutyldithiocarbamate
DB04936,Tagatose
DB06422,Ticalopride
DB14218,Telotristat
DB09494,Cetyl alcohol
DB03040,Nitrilotriacetic acid
DB14476,DL-alpha-Tocopherol
DB03043,"(S)-2-Amino-3-(6h-Selenolo[2,3-B]-Pyrrol-4-Yl)-Propionic Acid"
DB12137,GSK-256066
DB03049,S-Selanyl Cysteine
DB13135,AGN-201904
DB14494,Zinc carbonate
DB03070,Selenazole-4-carboxyamide-adenine dinucleotide
DB03098,[Methylseleno]Acetate
DB13105,Resolvin E1
DB09400,Selenomethionine Se-75
DB13075,Menaquinone 7
DB03209,Oteracil
DB13154,Parachlorophenol
DB00050,Cetrorelix
DB00114,Pyridoxal phosphate
DB00119,Pyruvic acid
DB00121,Biotin
DB00123,Lysine
DB00128,Aspartic acid
DB00129,Ornithine
DB00137,Lutein
DB00138,Cystine
DB00141,N-Acetylglucosamine
DB00143,Glutathione
DB00148,Creatine
DB00151,Cysteine
DB00156,Threonine
DB00157,NADH
DB00161,Valine
DB00174,Asparagine
DB00192,Indecainide
DB00249,Idoxuridine
DB00251,Terconazole
DB00265,Crotamiton
DB00272,Betazole
DB00336,Nitrofural
DB00348,Nitisinone
DB00403,Ceruletide
DB00406,Gentian violet cation
DB00419,Miglustat
DB00426,Famciclovir
DB00464,Sodium tetradecyl sulfate
DB00473,Hexylcaine
DB00478,Rimantadine
DB00507,Nitazoxanide
DB00509,Dextrothyroxine
DB00525,Tolnaftate
DB00534,Chlormerodrin
DB00538,Gadoversetamide
DB00600,Monobenzone
DB00632,Docosanol
DB00639,Butoconazole
DB00676,Benzyl benzoate
DB00735,Naftifine
DB00756,Hexachlorophene
DB00824,Enprofylline
DB14596,Loteprednol etabonate
DB00874,Guaifenesin
DB00878,Chlorhexidine
DB00885,Pemirolast
DB00971,Selenium Sulfide
DB01031,Ethinamate
DB01091,Butenafine
DB01123,Proflavine
DB01125,Anisindione
DB01145,Sulfoxone
DB01153,Sertaconazole
DB01179,Podofilox
DB01187,Iophendylate
DB01188,Ciclopirox
DB01230,Pemoline
DB01322,Kava
DB01346,Quinidine barbiturate
DB01430,Almitrine
DB01574,Attapulgite
DB01632,5-O-phosphono-alpha-D-ribofuranosyl diphosphate
DB01718,Cetrimonium
DB01744,Camphor
DB01914,D-glucose
DB01956,Taurine
DB01987,Cocarboxylase
DB02325,Isopropyl alcohol
DB02362,Aminobenzoic acid
DB02530,gamma-Aminobutyric acid
DB02701,Nicotinamide
DB02772,Sucrose
DB02893,D-Methionine
DB03017,Lauric acid
DB03085,Glycolic acid
DB03088,Pidolic acid
DB03147,Flavin adenine dinucleotide
DB03175,Propyl alcohol
DB03193,Stearic acid
DB03247,Flavin mononucleotide
DB03310,Glutathione disulfide
DB03614,Mecobalamin
DB03766,Propanoic acid
DB03796,Palmitic Acid
DB03808,Hexamidine
DB03904,Urea
DB03929,D-Serine
DB04038,Ergosterol
DB04115,Berberine
DB04173,Fructose
DB04221,Didecyldimethylammonium
DB04224,Oleic Acid
DB04398,Lactic acid
DB04465,Lactose
DB04564,Gluconolactone
DB04657,Carboxin
DB04703,Hesperidin
DB04813,Bithionol
DB04815,Clioquinol
DB04822,Oxeladin
DB04931,Afamelanotide
DB05013,Ingenol mebutate
DB05057,Erdosteine
DB05219,Crisaborole
DB05273,Samarium (153Sm) lexidronam
DB05382,Iodine
DB05389,Tetrachlorodecaoxide
DB05630,Sodium stibogluconate
DB06045,Trofinetide
DB06083,Tapinarof
DB06243,Eflornithine
DB06249,Arzoxifene
DB06374,Elacestrant
DB06614,Peramivir
DB06689,Ethanolamine oleate
DB06703,Gadobutrol
DB06757,Manganese
DB06768,Ammonium lactate
DB06775,Carglumic acid
DB06778,Cupric sulfate
DB06784,Gallium citrate Ga-67
DB06785,Ganirelix
DB06794,Lodoxamide
DB06816,Pyrvinium
DB07776,Flavone
DB08604,Triclosan
DB08809,Dichloroacetic acid
DB08818,Hyaluronic acid
DB08823,Spinosad
DB08842,Acetylcarnitine
DB08943,Isoconazole
DB08944,Isoaminile
DB08946,Iopanoic acid
DB08966,Fursultiamine
DB08973,Fluclorolone acetonide
DB08988,Ethoheptazine
DB09019,Bromhexine
DB09040,Efinaconazole
DB09041,Tavaborole
DB09086,Eugenol
DB09088,Amylocaine
DB09094,Podophyllin
DB09110,Coenzyme M
DB09115,Diiodohydroxyquinoline
DB09131,Cupric Chloride
DB09138,Technetium Tc-99m medronate
DB09140,Oxygen
DB09144,Uridine triacetate
DB09145,Water
DB09151,Flutemetamol (18F)
DB09152,Nitrogen
DB09155,Helium
DB09157,Carbon dioxide
DB09158,Trypan blue free acid
DB09160,Technetium Tc-99m tetrofosmin
DB09164,Technetium Tc-99m disofenin
DB09313,Ioxaglic acid
DB09314,Technetium Tc-99m pertechnetate
DB09315,Xenon-133
DB09316,Thallous chloride
DB09326,Ammonia N-13
DB09332,Kappadione
DB09335,Alatrofloxacin
DB09340,Tyropanoic acid
DB09346,Metrizoic acid
DB09348,Propiolactone
DB09353,Octasulfur
DB09355,Sulfabenzamide
DB09364,Procaine merethoxylline
DB09366,Propyliodone
DB09370,Sodium phosphate P 32
DB09372,Tannic acid
DB09376,Lapyrium
DB09377,Undecoylium chloride iodine complex
DB09380,Sodium chromate Cr-51
DB09382,Iodohippurate sodium I-131
DB09387,Cyanocobalamin Co-60
DB09388,Rose bengal I-131
DB09397,Technetium Tc-99m sulfur colloid
DB09398,Fluoride ion F-18
DB09403,Iocetamic acid
DB09406,Chlormerodrin Hg-197
DB09411,Technetium Tc-99m etidronate
DB09415,Meglumine
DB09419,Xylose
DB09420,Iodide I-123
DB09425,Indium In-111 pentetate
DB09436,Technetium Tc-99m succimer
DB09443,Krypton Kr 81m
DB09448,Iodohippurate sodium I-123
DB09460,Sodium carbonate
DB09461,Xenon Xe-127
DB09473,Indium In-111 oxyquinoline
DB09479,Rubidium Rb-82
DB09487,Iotrolan
DB09490,Indium In-111 chloride
DB09495,Avobenzone
DB09498,Strontium chloride Sr-89
DB09510,Urea C-13
DB09512,Simethicone
DB09513,Urea C-14
DB09516,Mequinol
DB09526,Hydroquinone
DB09531,Perflexane
DB09534,Ecamsule
DB09535,Octocrylene
DB09550,Tetracycline phosphate complex
DB09552,Thonzonium
DB09561,Sodium glycerophosphate
DB09563,Choline C-11
DB09571,Levmetamfetamine
DB11056,Stannous chloride
DB11062,Octisalate
DB11064,Homosalate
DB11071,Phenyl salicylate
DB11072,Hydrogen fluoride
DB11073,Cetylpyridinium
DB11080,Silver nitrate
DB11092,Stannous fluoride
DB11096,Meradimate
DB11104,Sulfur hexafluoride
DB11115,Ensulizole
DB11117,Undecylenic acid
DB11119,Sodium iodide
DB11123,Hypochlorite
DB11125,Benzethonium
DB11129,Carbamide peroxide
DB11132,Silicon dioxide
DB11134,Cupric oxide
DB11137,Molybdenum
DB11140,Chromium Cr-51
DB11141,Manganese gluconate
DB11150,Barium sulfate
DB11151,Sodium hydroxide
DB11155,Triclocarban
DB11157,Anthralin
DB11159,Sodium sulfide
DB11160,Phenyltoloxamine
DB11168,Calcium threonate
DB11176,Zeaxanthin
DB11179,Exametazime
DB11180,Tetrofosmin
DB11182,Rose bengal
DB11183,Light green SF yellowish
DB11184,Oftasceine
DB11190,Pantethine
DB11197,Ferrous cysteine glycinate
DB11200,Aluminum zirconium octachlorohydrex gly
DB11204,Panthenol
DB11205,Alcloxa
DB11206,Bemotrizinol
DB11207,Amiloxate
DB11217,Arbutin
DB11219,Enzacamene
DB11221,Dioxybenzone
DB11226,Ethylhexyl methoxycrylene
DB11231,Lycopene
DB11246,Copper gluconate
DB11254,Hexylresorcinol
DB11255,Chromium picolinate
DB11257,Fluoride ion
DB11260,Diacetyl benzoyl lathyrol
DB11262,Bisoctrizole
DB11263,Polydatin
DB11264,Calcium glycerophosphate
DB11269,Diethylamino hydroxybenzoyl hexyl benzoate
DB11279,Brilliant green cation
DB11283,DL-dimyristoylphosphatidylcholine
DB11284,DL-dimyristoylphosphatidylglycerol
DB11285,Ethyl ferulate
DB11299,Vanillyl butyl ether
DB11326,Boric acid
DB11327,Dipyrithione
DB11331,1-Palmitoyl-2-oleoyl-sn-glycero-3-(phospho-rac-(1-glycerol))
DB11332,Sinapultide
DB11336,Kinetin
DB11340,Ubiquinol
DB11343,Silanol
DB11346,Rubidium
DB11359,Guaiacol
DB11386,Chlorobutanol
DB11431,Moxidectin
DB11460,Squalene
DB11570,Padimate O
DB11583,Cetalkonium
DB11584,Pipradrol
DB11585,Drometrizole trisiloxane
DB11588,Carbon monoxide
DB11589,Neon
DB11594,Domiphen
DB11602,Hydroxyethyl cellulose
DB11610,Oxilofrine
DB11611,Lifitegrast
DB11656,Rebamipide
DB11682,Daprodustat
DB11700,Setmelanotide
DB11705,Iomeprol
DB11735,Galactose
DB11748,Benfotiamine
DB11768,Zytron
DB11815,Tilarginine
DB11820,Nifurtimox
DB11835,Indium In-111 pentetreotide
DB11938,Difelikefalin
DB12091,Gadolinium
DB12153,Citicoline
DB12236,Bexagliflozin
DB12243,Edaravone
DB12255,Vadadustat
DB12300,P-nitrobiphenyl
DB12328,Cantharidin
DB12362,Diaminopropanol tetraacetic acid
DB12407,Iobitridol
DB12434,Steviolbioside
DB12499,Clascoterone
DB12513,Omaveloxolone
DB12529,Nitrite
DB12548,Sparsentan
DB12602,Pentetreotide
DB12728,Fenpropidin
DB12754,Iodide
DB12767,Gaxilose
DB12792,Boscalid
DB12808,Trifarotene
DB12834,Secnidazole
DB12865,Etelcalcetide
DB12938,Isoxaflutole
DB12954,Terizidone
DB12965,Silver
DB12982,Silicon
DB13063,Parthenolide
DB13076,Yttrium Y-90
DB13085,Lumefantrine co-artemether
DB13100,Biguanide
DB13116,Norflurane
DB13117,Pentafluoropropane
DB13146,Fluciclovine (18F)
DB13157,Sodium lauryl sulfoacetate
DB13163,Terpin hydrate
DB13216,Oxolamine
DB13218,Mandelic acid
DB13222,Tilbroquinol
DB13235,Perboric acid
DB13245,Thiram
DB13247,Pramiracetam
DB13258,Etofamide
DB13262,Aceclidine
DB13267,Ritiometan
DB13278,Bucetin
DB13288,Tromantadine
DB13306,Chlorquinaldol
DB13444,Ioxitalamic acid
DB13628,Ethyl hydroxybenzoate
DB13680,Naftazone
DB13743,Sodium aurotiosulfate
DB13838,Noxytiolin
DB13853,Anethole trithione
DB13858,Dimazole
DB13882,Methyl nicotinate
DB13908,Amylmetacresol
DB13911,Phloxine B
DB13931,Netarsudil
DB13962,Calcium saccharate
DB13966,Isopropyl myristate
DB13970,Dioctyldimonium
DB13971,Vanadium
DB13972,Racemethionine
DB13980,Copper Cu-64
DB13982,Lutetium Lu-177
DB13997,Baloxavir marboxil
DB14020,Benzoin
DB14075,Imidurea
DB14078,Medronic acid
DB14082,Betiatide
DB14083,Bisphenol A diglycidyl ether
DB14084,Butylparaben
DB14086,Cianidanol
DB14089,Dimercaptosuccinic acid
DB14096,"1,2-icosapentoyl-sn-glycero-3-phosphoserine"
DB14099,"1,2-Distearoyllecithin"
DB14104,Linoleic acid
DB14105,"Sodium 1,2-Dipalmitoyl-sn-glycero-3-phospho-(1'-rac-glycerol)"
DB14106,Tetrakis(2-methoxyisobutylisocyanide)copper(I) tetrafluoroborate
DB14109,alpha-Arbutin
DB14110,Butylene glycol
DB14116,Silodrate
DB14120,Phenylethyl resorcinol
DB14123,Menthol
DB14141,p-Phenylenediamine
DB14143,Distearyldimonium
DB14150,Chloric acid
DB14151,Phosphorus
DB14156,Synthetic camphor
DB14159,Oxidronic acid
DB14173,Diazolidinylurea
DB14174,Dipentamethylenethiuram disulfide
DB14175,alpha-Amyl cinnamaldehyde
DB14176,Benzylparaben
DB14177,Propylparaben
DB14178,Tetramethylthiuram monosulfide
DB14180,Nickel sulfate
DB14182,Dichromate
DB14183,Geraniol
DB14187,Hydroxycitronellal
DB14188,Isoeugenol
DB14189,Ethylenediamine
DB14191,Diphenylguanidine
DB14195,4-(Isopropylamino)diphenylamine
DB14196,"N-Cyclohexyl-N'-phenyl-1,4-phenylenediamine"
DB14197,Methylchloroisothiazolinone
DB14198,Quaternium-15
DB14199,Bromothalonil
DB14200,Thiohexam
DB14201,"2,2'-Dibenzothiazyl disulfide"
DB14202,Morpholinylmercaptobenzothiazole
DB14203,Disperse Blue 106
DB14206,Cobalt chloride
DB14212,Methylparaben
DB14475,L-Lactic acid
DB14495,Manganese citrate
DB14496,Sodium molybdate
DB14501,Ferrous glycine sulfate
DB14505,Sodium borate
DB14518,Aluminum acetate
DB14550,Gallium chloride Ga-67
DB14554,Dotatate
DB14632,Prednisolone tebutate
DB14638,Diloxanide furoate
DB14650,Menadiol diphosphate
DB14656,Chlorphenesin carbamate
DB14657,Paramethasone acetate
DB14658,Chloramphenicol palmitate
DB14674,Estramustine phosphate
DB14677,Gestonorone caproate
DB14702,Sodium metavanadate
DB14703,Dexamethasone metasulfobenzoate
DB14753,Hydroxystilbamidine
DB14879,Cefiderocol
DB14914,Flortaucipir F-18
DB15071,Omidenepag isopropyl
DB15467,Cinoxate
DB15479,Zirconium chloride hydroxide
DB15480,Resorcinol monoacetate
DB15534,Colchiceine
DB15536,Ferric chloride
DB15555,Magnesium malate
DB15576,Ethyl salicylate
DB15594,Brilliant blue G
DB15669,Fezolinetant
DB15678,Calcium undecylenate
DB15679,Aluminum subacetate
DB15779,Mebrofenin
DB15793,Zinc phenolsulfonate
DB15795,Adiphenine
DB15819,Potassium aspartate
DB15906,Acetylene
DB15916,Anethole
DB15926,Ammonium carbonate
DB15934,Ferric glycerophosphate
DB15950,Sodium camphorsulfonate
DB16022,Thenyldiamine
DB16024,Indocyanine green
DB16217,Leniolisib
DB16303,Gallium-68 PSMA
DB16310,Rezafungin
DB16624,Thallous chloride Tl-201
DB16627,Melphalan flufenamide
DB16704,Durlobactam
DB16778,Lutetium Lu-177 vipivotide tetraxetan
DB16905,NBI-98782
DB16907,"Zoledronate D,L-Lysine Monohydrate"
DB16965,PBT-434
DB17084,Gadopiclenol
DB17308,Laurocapram
DB17386,Xenon Xe-129
DB17472,Pirtobrutinib
DB17823,Perfluorohexyloctane
DB17851,Flotufolastat F-18
DB17992,Lotilaner
DB18002,Lomifylline
